url,count,time
"https://raw.githubusercontent.com/dimzon/scaling-sniffle/refs/heads/main/all-domains-dedup-sort.txt",691,"2026-09-19T11:00:14.230470+08:00"
"https://raw.githubusercontent.com/dimzon/scaling-sniffle/refs/heads/main/all-domains-sort.txt",691,"2026-09-19T11:00:14.230470+08:00"
"https://raw.githubusercontent.com/dimzon/scaling-sniffle/refs/heads/main/all-ip-resolve-sort.txt",817,"2026-09-19T11:00:14.230470+08:00"
"https://raw.githubusercontent.com/dimzon/scaling-sniffle/refs/heads/main/all-sort.txt",792,"2026-09-19T11:00:14.230470+08:00"
"https://raw.githubusercontent.com/mermeroo/Loon/main/node",82,"2026-09-19T11:00:14.230470+08:00"
"https://raw.githubusercontent.com/mermeroo/Loon/main/node%202",0,"2026-09-19T11:00:14.230470+08:00"
"https://raw.githubusercontent.com/mermeroo/Clash-V2ray/main/v2ray",0,"2026-09-19T11:00:14.230470+08:00"
"https://raw.githubusercontent.com/mermeroo/QX/refs/heads/main/Nodes",205,"2026-09-19T11:00:14.230470+08:00"
"https://raw.githubusercontent.com/mermeroo/Loon/refs/heads/main/all.nodes.txt",1708,"2026-09-19T11:00:14.230470+08:00"
"https://raw.githubusercontent.com/mermeroo/QuantumultX/refs/heads/main/Trojan.nodes",68,"2026-09-19T11:00:14.230470+08:00"
"https://raw.githubusercontent.com/mahdibland/ShadowsocksAggregator/master/sub/sub_merge.txt",1283,"2026-09-19T11:00:14.230470+08:00"
"https://raw.githubusercontent.com/barry-far/V2ray-Config/refs/heads/main/All_Configs_Sub.txt",1681,"2026-09-19T11:00:14.230470+08:00"
"https://raw.githubusercontent.com/barry-far/V2ray-Config/refs/heads/main/All_Configs_base64_Sub.txt",1681,"2026-09-19T11:00:14.230470+08:00"
"https://raw.githubusercontent.com/mahdibland/V2RayAggregator/master/sub/sub_merge.txt",1283,"2026-09-19T11:00:14.230470+08:00"
"https://raw.githubusercontent.com/Leon406/jsdelivr/master/subscribe/subpools",0,"2026-09-19T11:00:14.230470+08:00"
"https://raw.githubusercontent.com/gtang8/SubCrawler/main/sub/share/all",30,"2026-09-19T11:00:14.230470+08:00"
"https://raw.githubusercontent.com/zzz6839/SubCrawler/main/sub/share/all",0,"2026-09-19T11:00:14.230470+08:00"
"https://raw.githubusercontent.com/zjfb/SubCrawler/main/sub/share/all",19,"2026-09-19T11:00:14.230470+08:00"
"https://raw.githubusercontent.com/QQnight/SubCrawler/main/sub/share/all",0,"2026-09-19T11:00:14.230470+08:00"
"https://raw.githubusercontent.com/rzhy1/11/master/sub/sub_merge_base64.txt",3177,"2026-09-19T11:00:14.230470+08:00"
"https://raw.githubusercontent.com/leetomlee123/freenode/refs/heads/main/README.md",0,"2026-09-19T11:00:14.230470+08:00"
"https://raw.githubusercontent.com/Pawdroid/Free-servers/refs/heads/main/README.md",11,"2026-09-19T11:00:14.230470+08:00"
"https://raw.githubusercontent.com/anorika77/v2ray-subscribe/main/README.md",242,"2026-09-19T11:00:14.230470+08:00"
"https://raw.githubusercontent.com/abshare/abshare.github.io/main/README.md",0,"2026-09-19T11:00:14.230470+08:00"
"https://raw.githubusercontent.com/caijh/FreeProxiesScraper/main/README.md",27,"2026-09-19T11:00:14.230470+08:00"
"https://raw.githubusercontent.com/VpnNetwork01/vpn-net/main/README.md",4,"2026-09-19T11:00:14.230470+08:00"
"https://raw.githubusercontent.com/cdp2020/v2ray/master/README.md",5,"2026-09-19T11:00:14.230470+08:00"
"https://raw.githubusercontent.com/freefq/free/master/README.md",4,"2026-09-19T11:00:14.230470+08:00"
"https://raw.githubusercontent.com/mheidari98/.proxy/main/all",4084,"2026-09-19T11:00:14.230470+08:00"
"https://raw.githubusercontent.com/John19187/v2ray-SSR-Clash-Verge-Shadowrocke/refs/heads/main/README.md",794,"2026-09-19T11:00:14.230470+08:00"
"https://raw.githubusercontent.com/mahdibland/V2RayAggregator/refs/heads/master/Eternity.yml",0,"2026-09-19T11:00:14.230470+08:00"
"https://raw.githubusercontent.com/ermaozi/get_subscribe/main/subscribe/clash.yml",0,"2026-09-19T11:00:14.230470+08:00"
"https://raw.githubusercontent.com/ermaozi01/free_clash_vpn/main/subscribe/clash.yml",0,"2026-09-19T11:00:14.230470+08:00"
"https://raw.githubusercontent.com/zhangkaiitugithub/passcro/main/speednodes.yaml",5,"2026-09-19T11:00:14.230470+08:00"
"https://raw.githubusercontent.com/lcx12901/v2ray-/master/sspool.herokuapp.com/yzcloud.yaml",0,"2026-09-19T11:00:14.230470+08:00"
"https://raw.githubusercontent.com/lcx12901/v2ray-/master/sspool.herokuapp.com/yzcloud2.yaml",0,"2026-09-19T11:00:14.230470+08:00"
"https://raw.githubusercontent.com/ronghuaxueleng/get_v2/main/pub/combine.yaml",0,"2026-09-19T11:00:14.230470+08:00"
"https://raw.githubusercontent.com/bingoYB/node_processing/main/dist/all.yaml",226,"2026-09-19T11:00:14.230470+08:00"
"https://raw.githubusercontent.com/itxve/fetch-clash-node/main/node/ClashNode.yaml",273,"2026-09-19T11:00:14.230470+08:00"
"https://raw.githubusercontent.com/YasserDivaR/pr0xy/main/winformClash.yaml",223,"2026-09-19T11:00:14.230470+08:00"
"https://raw.githubusercontent.com/sh3d0ww02f/sh3d0ww02f.github.io/main/clash1.yaml",0,"2026-09-19T11:00:14.230470+08:00"
"https://raw.githubusercontent.com/obscure1990/freeVM/master/snippets/nodes.yml",0,"2026-09-19T11:00:14.230470+08:00"
"https://raw.githubusercontent.com/sun9426/sun9426.github.io/main/subscribe/Clash.yaml",272,"2026-09-19T11:00:14.230470+08:00"
"https://raw.githubusercontent.com/igeekshare/GeekshareFreeNode/main/clash/Geekshare.yaml",226,"2026-09-19T11:00:14.230470+08:00"
"https://raw.githubusercontent.com/learnhard-cn/free_proxy_ss/main/clash/clash.provider.yaml",0,"2026-09-19T11:00:14.230470+08:00"
"https://raw.githubusercontent.com/learnhard-cn/free_proxy_ss/main/clash/config.yaml",0,"2026-09-19T11:00:14.230470+08:00"
"https://raw.githubusercontent.com/jw853355718/clash_233/master/config.yml",0,"2026-09-19T11:00:14.230470+08:00"
"https://raw.githubusercontent.com/BUTUbird/ClashPoint/main/application.yaml",231,"2026-09-19T11:00:14.230470+08:00"
"https://raw.githubusercontent.com/vpei/free-node-1/main/o/proxies.txt",0,"2026-09-19T11:00:14.230470+08:00"
"https://raw.githubusercontent.com/du5/free/master/file/0909/Clash.yaml",205,"2026-09-19T11:00:14.230470+08:00"
"https://raw.githubusercontent.com/oslook/clash-freenode/main/clash.yaml",0,"2026-09-19T11:00:14.230470+08:00"
"https://raw.githubusercontent.com/kevin-wud/v2ray-node/main/clash.yaml",251,"2026-09-19T11:00:14.230470+08:00"
"https://raw.githubusercontent.com/nasheep/FreeNode/main/clash/PlayLab",217,"2026-09-19T11:00:14.230470+08:00"
"https://raw.githubusercontent.com/tony0392/clash/main/clash.yaml",223,"2026-09-19T11:00:14.230470+08:00"
"https://raw.githubusercontent.com/zhlx2835/freefq/main/clash.yaml",242,"2026-09-19T11:00:14.230470+08:00"
"https://raw.githubusercontent.com/Junely/clash/main/template3.yaml",70,"2026-09-19T11:00:14.230470+08:00"
"https://raw.githubusercontent.com/misersun/config003/main/config_all_quest.yaml",0,"2026-09-19T11:00:14.230470+08:00"
"https://raw.githubusercontent.com/misersun/config003/main/config_all.yaml",0,"2026-09-19T11:00:14.230470+08:00"
"https://raw.githubusercontent.com/Ruk1ng001/freeSub/main/clash.yaml",0,"2026-09-19T11:00:14.230470+08:00"
"https://raw.githubusercontent.com/renyige1314/CLASH/main/CLASH",0,"2026-09-19T11:00:14.230470+08:00"
"https://raw.githubusercontent.com/69z1zfw2fly/fly/main/2.yaml",6922,"2026-09-19T11:00:14.230470+08:00"
"https://raw.githubusercontent.com/Flik6/getNode/main/clash.yaml",0,"2026-09-19T11:00:14.230470+08:00"
"https://raw.githubusercontent.com/free18/v2ray/refs/heads/main/c.yaml",0,"2026-09-19T11:00:14.230470+08:00"
"https://raw.githubusercontent.com/anaer/Sub/main/clash.yaml",0,"2026-09-19T11:00:14.230470+08:00"
"https://raw.githubusercontent.com/baip01/clash/main/clash",235,"2026-09-19T11:00:14.230470+08:00"
"https://raw.githubusercontent.com/ts-sf/fly/main/clash",338,"2026-09-19T11:00:14.230470+08:00"
"https://raw.githubusercontent.com/parkerpa/zypjj/main/clash",242,"2026-09-19T11:00:14.230470+08:00"
"https://raw.githubusercontent.com/shbioc/clash/main/aaa01.yaml",230,"2026-09-19T11:00:14.230470+08:00"
"https://raw.githubusercontent.com/ssrsub/ssr/master/Clash.yml",0,"2026-09-19T11:00:14.230470+08:00"
"https://raw.githubusercontent.com/9Fork/openit/main/Clash.yaml",0,"2026-09-19T11:00:14.230470+08:00"
"https://raw.githubusercontent.com/chfchf0306/clash/main/clash",235,"2026-09-19T11:00:14.230470+08:00"
"https://raw.githubusercontent.com/chongdong1230/dxz/main/clash",242,"2026-09-19T11:00:14.230470+08:00"
"https://raw.githubusercontent.com/aiboboxx/clashfree/main/clash.yml",0,"2026-09-19T11:00:14.230470+08:00"
"https://raw.githubusercontent.com/hkaa0/permalink/main/proxy/clash",0,"2026-09-19T11:00:14.230470+08:00"
"https://raw.githubusercontent.com/rxsweet/proxies/main/sub/rx.yaml",0,"2026-09-19T11:00:14.230470+08:00"
"https://raw.githubusercontent.com/rxsweet/proxies/main/sub/srx.yaml",0,"2026-09-19T11:00:14.230470+08:00"
"https://raw.githubusercontent.com/rxsweet/proxies/main/sub/free.yaml",0,"2026-09-19T11:00:14.230470+08:00"
"https://raw.githubusercontent.com/rxsweet/proxies/main/sub/sources/dynamicAll.yaml",0,"2026-09-19T11:00:14.230470+08:00"
"https://raw.githubusercontent.com/rxsweet/proxies/main/sub/sources/miningAll.yaml",0,"2026-09-19T11:00:14.230470+08:00"
"https://raw.githubusercontent.com/ljsshd/aggregator/main/data/clash.yaml",0,"2026-09-19T11:00:14.230470+08:00"
"https://raw.githubusercontent.com/imboys/proxyForClash/refs/heads/master/free%20proxy.yml",0,"2026-09-19T11:00:14.230470+08:00"
"https://raw.githubusercontent.com/Barabama/FreeNodes/refs/heads/main/nodes/yudou66.yaml",0,"2026-09-19T11:00:14.230470+08:00"
"https://raw.githubusercontent.com/Barabama/FreeNodes/refs/heads/main/nodes/wenode.yaml",0,"2026-09-19T11:00:14.230470+08:00"
"https://raw.githubusercontent.com/Barabama/FreeNodes/refs/heads/main/nodes/nodefree.yaml",0,"2026-09-19T11:00:14.230470+08:00"
"https://raw.githubusercontent.com/Barabama/FreeNodes/refs/heads/main/nodes/nodev2ray.yaml",0,"2026-09-19T11:00:14.230470+08:00"
"https://raw.githubusercontent.com/Barabama/FreeNodes/refs/heads/main/nodes/ndnode.yaml",252,"2026-09-19T11:00:14.230470+08:00"
"https://raw.githubusercontent.com/Barabama/FreeNodes/refs/heads/main/nodes/clashmeta.yaml",226,"2026-09-19T11:00:14.230470+08:00"
"https://raw.githubusercontent.com/Barabama/FreeNodes/refs/heads/main/nodes/v2rayshare.yaml",0,"2026-09-19T11:00:14.230470+08:00"
"https://raw.githubusercontent.com/Q3dlaXpoaQ/V2rayN_Clash_Node_Getter/refs/heads/main/APIs/sc0.yaml",0,"2026-09-19T11:00:14.230470+08:00"
"https://raw.githubusercontent.com/Q3dlaXpoaQ/V2rayN_Clash_Node_Getter/refs/heads/main/APIs/sc1.yaml",0,"2026-09-19T11:00:14.230470+08:00"
"https://raw.githubusercontent.com/Q3dlaXpoaQ/V2rayN_Clash_Node_Getter/refs/heads/main/APIs/sc2.yaml",0,"2026-09-19T11:00:14.230470+08:00"
"https://raw.githubusercontent.com/Q3dlaXpoaQ/V2rayN_Clash_Node_Getter/refs/heads/main/APIs/sc3.yaml",0,"2026-09-19T11:00:14.230470+08:00"
"https://raw.githubusercontent.com/Q3dlaXpoaQ/V2rayN_Clash_Node_Getter/refs/heads/main/APIs/sc4.yaml",0,"2026-09-19T11:00:14.230470+08:00"
"https://raw.githubusercontent.com/cxr9912/cxr2022/refs/heads/main/free.yaml",0,"2026-09-19T11:00:14.230470+08:00"
"https://raw.githubusercontent.com/cxr9912/cxr2022/refs/heads/main/aaaaaaaa.yaml",0,"2026-09-19T11:00:14.230470+08:00"
"https://raw.githubusercontent.com/cxr9912/cxr2022/refs/heads/main/18cj.json",0,"2026-09-19T11:00:14.230470+08:00"
"https://raw.githubusercontent.com/cxr9912/cxr2022/main/ss.yaml",0,"2026-09-19T11:00:14.230470+08:00"
"https://raw.githubusercontent.com/cxr9912/cxr2022/main/ssr.yaml",0,"2026-09-19T11:00:14.230470+08:00"
"https://raw.githubusercontent.com/cxr9912/cxr2022/main/free.yaml",0,"2026-09-19T11:00:14.230470+08:00"
"https://raw.githubusercontent.com/cxr9912/cxr2022/main/vmess.yaml",0,"2026-09-19T11:00:14.230470+08:00"
"https://raw.githubusercontent.com/cxr9912/cxr2022/main/mix.yaml",0,"2026-09-19T11:00:14.230470+08:00"
"https://raw.githubusercontent.com/anaer/Sub/refs/heads/main/clash.yaml",0,"2026-09-19T11:00:14.230470+08:00"
"https://raw.githubusercontent.com/moneyfly1/sublist/main/clash.yml",242,"2026-09-19T11:00:14.230470+08:00"
"https://raw.githubusercontent.com/NiceVPN123/NiceVPN/main/Clash.yaml",0,"2026-09-19T11:00:14.230470+08:00"
"https://raw.githubusercontent.com/ssrsub/ssr/refs/heads/master/clash.yaml",0,"2026-09-19T11:00:14.230470+08:00"
"https://raw.githubusercontent.com/pojiezhiyuanjun/2023/master/0804clash.yml",242,"2026-09-19T11:00:14.230470+08:00"
"https://raw.githubusercontent.com/freenodes/freenodes/main/clash.yaml",0,"2026-09-19T11:00:14.230470+08:00"
"https://raw.githubusercontent.com/freebaipiao/freebaipiao/main/jiassweetoy3.yaml",249,"2026-09-19T11:00:14.230470+08:00"
"https://raw.githubusercontent.com/gooooooooooooogle/Clash-Config/main/Clash.yaml",227,"2026-09-19T11:00:14.230470+08:00"
"https://raw.githubusercontent.com/wenxig/free-nodes-sub/refs/heads/main/data/sub.yaml",0,"2026-09-19T11:00:14.230470+08:00"
"https://raw.githubusercontent.com/oversizexl/FreeSubsCheck/main/mihomo.yaml",0,"2026-09-19T11:00:14.230470+08:00"
"https://raw.githubusercontent.com/oversizexl/FreeSubsCheck/main/all.yaml",0,"2026-09-19T11:00:14.230470+08:00"
"https://raw.githubusercontent.com/itsyebekhe/PSG/main/subscriptions/clash/mix",18,"2026-09-19T11:00:14.230470+08:00"
"https://raw.githubusercontent.com/peasoft/NoMoreWalls/master/list.yml",756,"2026-09-19T11:00:14.230470+08:00"
"https://raw.githubusercontent.com/10ium/MihomoSaz/main/Sublist/ainita.yaml",0,"2026-09-19T11:00:14.230470+08:00"
"https://raw.githubusercontent.com/10ium/MihomoSaz/main/Sublist/amin_o__o_bitplatform.yaml",0,"2026-09-19T11:00:14.230470+08:00"
"https://raw.githubusercontent.com/10ium/MihomoSaz/main/Sublist/hamedp-71/Sub_Checker_Creator_final.yaml",0,"2026-09-19T11:00:14.230470+08:00"
"https://raw.githubusercontent.com/10ium/MihomoSaz/main/Sublist/hamedp-71/Trojan_hp.yaml",0,"2026-09-19T11:00:14.230470+08:00"
"https://raw.githubusercontent.com/10ium/MihomoSaz/main/Sublist/MatinGhanbari_v2ray-configs-super-sub.yaml",0,"2026-09-19T11:00:14.230470+08:00"
"https://raw.githubusercontent.com/vxiaov/free_proxies/main/clash/clash.provider.yaml",16,"2026-09-19T11:00:14.230470+08:00"
"https://raw.githubusercontent.com/MrMohebi/xray-proxy-grabber-telegram/master/collected-proxies/clash-meta/all.yaml",0,"2026-09-19T11:00:14.230470+08:00"
"https://raw.githubusercontent.com/harrylisen/aggregator/main/aggregate/data/proxies.yaml",0,"2026-09-19T11:00:14.230470+08:00"
"https://raw.githubusercontent.com/0xRadikal/Free-v2ray-Configs/main/light/clash.yaml",0,"2026-09-19T11:00:14.230470+08:00"
"https://raw.githubusercontent.com/10ium/free-config/refs/heads/main/free-mihomo-sub/MahsaNetConfigTopic.yaml",0,"2026-09-19T11:00:14.230470+08:00"
"https://raw.githubusercontent.com/10ium/MihomoSaz/main/Sublist/FreedomGuard/Finder_configs.yaml",0,"2026-09-19T11:00:14.230470+08:00"
"https://raw.githubusercontent.com/10ium/MihomoSaz/main/Sublist/ebrasha/lite.yaml",0,"2026-09-19T11:00:14.230470+08:00"
"https://raw.githubusercontent.com/Misaka-blog/chromego_merge/main/sub/merged_proxies_new.yaml",0,"2026-09-19T11:00:14.230470+08:00"
"https://raw.githubusercontent.com/cbusifabcap/daily_free_vpn/refs/heads/main/sub/sub.yml",1224,"2026-09-19T11:00:14.230470+08:00"
"https://raw.githubusercontent.com/mlabalabala/v2ray-node/main/nodefree4clash.txt",226,"2026-09-19T11:00:14.230470+08:00"
"https://raw.githubusercontent.com/10ium/MihomoSaz/main/Sublist/66.42.50.118.yaml",0,"2026-09-19T11:00:14.230470+08:00"
"https://raw.githubusercontent.com/10ium/MihomoSaz/main/Sublist/Barabama/clashmeta.yaml",0,"2026-09-19T11:00:14.230470+08:00"
"https://raw.githubusercontent.com/hello-world-1989/cn-news/refs/heads/main/clash.yaml",235,"2026-09-19T11:00:14.230470+08:00"
"https://raw.githubusercontent.com/10ium/free-config/refs/heads/main/dnsforgame/shecan.yml",0,"2026-09-19T11:00:14.230470+08:00"
"https://raw.githubusercontent.com/ggborr/FREEE-VPN/refs/heads/main/5CL",0,"2026-09-19T11:00:14.230470+08:00"
"https://bitbucket.org/huwo1/proxy_nodes/raw/f31ca9ec67b84071515729ff45b011b6b09c10f2/clash.yaml",0,"2026-09-19T11:00:14.230470+08:00"
"https://github.com/MrMohebi/xray-proxy-grabber-telegram/raw/master/collected-proxies/clash-meta/all.yaml",0,"2026-09-19T11:00:14.230470+08:00"
"https://github.com/mahdibland/V2RayAggregator/raw/master/sub/sub_merge_yaml.yml",1320,"2026-09-19T11:00:14.230470+08:00"
"https://github.com/vxiaov/free_proxy_ss/raw/main/clash/clash.provider.yaml",0,"2026-09-19T11:00:14.230470+08:00"
"https://github.com/NiREvil/vless/blob/main/sub/clash-meta.yml",0,"2026-09-19T11:00:14.230470+08:00"
"https://github.com/LonUp/NodeList/raw/main/Clash/Node/Latest.yaml",468,"2026-09-19T11:00:14.230470+08:00"
"https://github.com/Au1rxx/free-vpn-subscriptions/raw/main/output/clash.yaml",0,"2026-09-19T11:00:14.230470+08:00"
"https://gitlab.com/univstar1/v2ray/-/raw/main/data/clash/general.yaml",4882,"2026-09-19T11:00:14.230470+08:00"
"https://freevpnspy.githubrowcontent.com/2024/08/20240802_novless.yaml",0,"2026-09-19T11:00:14.230470+08:00"
"https://freevpnspy.githubrowcontent.com/2024/08/20240802_vless.yaml",0,"2026-09-19T11:00:14.230470+08:00"
"https://github.com/mermeroo/V2RAY-FREE/raw/main/Base64/Sub1_base64.txt",0,"2026-09-19T11:00:14.230470+08:00"
"https://github.com/mermeroo/V2RAY-FREE/raw/main/Base64/Sub2_base64.txt",0,"2026-09-19T11:00:14.230470+08:00"
"https://github.com/mermeroo/V2RAY-FREE/raw/main/Base64/Sub3_base64.txt",0,"2026-09-19T11:00:14.230470+08:00"
"https://github.com/mermeroo/V2RAY-FREE/raw/main/Base64/Sub4_base64.txt",0,"2026-09-19T11:00:14.230470+08:00"
"https://github.com/mermeroo/V2RAY-FREE/raw/main/Base64/Sub5_base64.txt",0,"2026-09-19T11:00:14.230470+08:00"
"https://github.com/mermeroo/V2RAY-FREE/raw/main/All_Configs_base64_Sub.txt",0,"2026-09-19T11:00:14.230470+08:00"
"https://github.com/mermeroo/telegram-configs-collector/raw/main/protocols/tuic",0,"2026-09-19T11:00:14.230470+08:00"
"https://github.com/mermeroo/telegram-configs-collector/raw/main/protocols/hysteria",0,"2026-09-19T11:00:14.230470+08:00"
"https://github.com/mermeroo/telegram-configs-collector/raw/main/protocols/juicity",0,"2026-09-19T11:00:14.230470+08:00"
"https://raw.githubusercontent.com/mermeroo/free-v2ray-collector/main/main/mix",0,"2026-09-19T11:00:14.230470+08:00"
"https://raw.githubusercontent.com/mermeroo/free-v2ray-collector/main/main/reality",0,"2026-09-19T11:00:14.230470+08:00"
"https://raw.githubusercontent.com/mermeroo/free-v2ray-collector/main/main/shadowsocks",0,"2026-09-19T11:00:14.230470+08:00"
"https://raw.githubusercontent.com/mermeroo/free-v2ray-collector/main/main/trojan",0,"2026-09-19T11:00:14.230470+08:00"
"https://raw.githubusercontent.com/mermeroo/free-v2ray-collector/main/main/vless",0,"2026-09-19T11:00:14.230470+08:00"
"https://raw.githubusercontent.com/mermeroo/free-v2ray-collector/main/main/vmess",0,"2026-09-19T11:00:14.230470+08:00"
"https://raw.githubusercontent.com/AzadNetCH/Clash/refs/heads/main/AzadNet_iOS.txt",1,"2026-09-19T11:00:14.230470+08:00"
"https://raw.githubusercontent.com/w1770946466/Auto_proxy/main/Long_term_subscription_num",231,"2026-09-19T11:00:14.230470+08:00"
"https://raw.githubusercontent.com/ermaozi01/free_clash_vpn/main/subscribe/v2ray.txt",11,"2026-09-19T11:00:14.230470+08:00"
"https://raw.githubusercontent.com/hotsymbol/vpnsetting/master/v2rayopen",0,"2026-09-19T11:00:14.230470+08:00"
"https://raw.githubusercontent.com/pojiezhiyuanjun/freev2/master/20200808.txt",10,"2026-09-19T11:00:14.230470+08:00"
"https://raw.githubusercontent.com/Mr8AHAL/v2ray/main/SERVER.txt",1,"2026-09-19T11:00:14.230470+08:00"
"https://raw.githubusercontent.com/sami-soft/v2rayN_proxy/main/new1.txt",85,"2026-09-19T11:00:14.230470+08:00"
"https://raw.githubusercontent.com/Tenerome/v2ray/main/vmess.txt",67,"2026-09-19T11:00:14.230470+08:00"
"https://raw.githubusercontent.com/a2470982985/getNode/main/v2ray.txt",0,"2026-09-19T11:00:14.230470+08:00"
"https://raw.githubusercontent.com/yaney01/Yaney01/main/yaney_01",2,"2026-09-19T11:00:14.230470+08:00"
"https://raw.githubusercontent.com/yaney01/Yaney01/main/temporary",32,"2026-09-19T11:00:14.230470+08:00"
"https://raw.githubusercontent.com/adiwzx/freenode/main/adispeed.txt",25,"2026-09-19T11:00:14.230470+08:00"
"https://raw.githubusercontent.com/Jason05211211/Freerocket/main/freessr",19,"2026-09-19T11:00:14.230470+08:00"
"https://raw.githubusercontent.com/Leon406/SubCrawler/refs/heads/main/sub/share/vless",2740,"2026-09-19T11:00:14.230470+08:00"
"https://raw.githubusercontent.com/Leon406/SubCrawler/refs/heads/main/sub/share/a11",15,"2026-09-19T11:00:14.230470+08:00"
"https://raw.githubusercontent.com/ZY-404/v2ray/main/v2ray.txt",102,"2026-09-19T11:00:14.230470+08:00"
"https://raw.githubusercontent.com/jiquanxiang/abc/main/v7",2,"2026-09-19T11:00:14.230470+08:00"
"https://raw.githubusercontent.com/zhlx2835/freefq/main/v2",1,"2026-09-19T11:00:14.230470+08:00"
"https://raw.githubusercontent.com/ZywChannel/free/main/sub",115,"2026-09-19T11:00:14.230470+08:00"
"https://raw.githubusercontent.com/zjr13808836946/zjr_clash/main/V2_SSR_M",4,"2026-09-19T11:00:14.230470+08:00"
"https://raw.githubusercontent.com/baipiao0/baipiao02/main/v2ray",3,"2026-09-19T11:00:14.230470+08:00"
"https://raw.githubusercontent.com/codingbox/Free-Node-Merge/main/node.txt",12,"2026-09-19T11:00:14.230470+08:00"
"https://raw.githubusercontent.com/cxr9912/cxr2022/refs/heads/main/ss2088.txt",0,"2026-09-19T11:00:14.230470+08:00"
"https://raw.githubusercontent.com/245237866/v2rayn/main/everydaynode",34,"2026-09-19T11:00:14.230470+08:00"
"https://raw.githubusercontent.com/Creativveb/v2configs/main/updated",27,"2026-09-19T11:00:14.230470+08:00"
"https://raw.githubusercontent.com/dalazhi/v2ray/main/v2ray%E8%AE%A2%E9%98%85",0,"2026-09-19T11:00:14.230470+08:00"
"https://raw.githubusercontent.com/hsb4657/v2ray/main/lastest.txt",25,"2026-09-19T11:00:14.230470+08:00"
"https://raw.githubusercontent.com/eycorsican/rule-sets/master/kitsunebi_sub",0,"2026-09-19T11:00:14.230470+08:00"
"https://raw.githubusercontent.com/imohammadkhalili/V2RAY/main/Mkhalili",9,"2026-09-19T11:00:14.230470+08:00"
"https://raw.githubusercontent.com/Jia-Pingwa/free-v2ray-merge/main/output.txt",95,"2026-09-19T11:00:14.230470+08:00"
"https://raw.githubusercontent.com/relcom/ssr_subscrible_tool/refs/heads/master/node.txt",17,"2026-09-19T11:00:14.230470+08:00"
"https://raw.githubusercontent.com/lisylva-lee/v2dyku/main/ssr",0,"2026-09-19T11:00:14.230470+08:00"
"https://raw.githubusercontent.com/lisylva-lee/v2dyku/main/v2dy",0,"2026-09-19T11:00:14.230470+08:00"
"https://raw.githubusercontent.com/jikelonglie/meskell/main/meskell",7,"2026-09-19T11:00:14.230470+08:00"
"https://raw.githubusercontent.com/iwxf/free-v2ray/master/index.html",0,"2026-09-19T11:00:14.230470+08:00"
"https://raw.githubusercontent.com/lflflf999/0516/main/BX-JD",69,"2026-09-19T11:00:14.230470+08:00"
"https://raw.githubusercontent.com/adminaliang/v2ray/main/v2ray",0,"2026-09-19T11:00:14.230470+08:00"
"https://raw.githubusercontent.com/aiboboxx/v2rayfree/main/v2",0,"2026-09-19T11:00:14.230470+08:00"
"https://raw.githubusercontent.com/ripaojiedian/freenode/main/sub",9,"2026-09-19T11:00:14.230470+08:00"
"https://raw.githubusercontent.com/gitbigg/permalink/main/subscribe",2,"2026-09-19T11:00:14.230470+08:00"
"https://raw.githubusercontent.com/voken100g/AutoSSR/master/recent",5,"2026-09-19T11:00:14.230470+08:00"
"https://raw.githubusercontent.com/budamu/clashconfig/main/v2ray.txt",0,"2026-09-19T11:00:14.230470+08:00"
"https://raw.githubusercontent.com/budamu/clashconfig/main/v2ray2.txt",0,"2026-09-19T11:00:14.230470+08:00"
"https://raw.githubusercontent.com/mfuu/v2ray/refs/heads/master/v2ray",0,"2026-09-19T11:00:14.230470+08:00"
"https://raw.githubusercontent.com/snakem982/proxypool/main/source/v2ray-2.txt",51,"2026-09-19T11:00:14.230470+08:00"
"https://raw.githubusercontent.com/10ium/VpnClashFaCollector/main/sub/all/mixed.txt",470,"2026-09-19T11:00:14.230470+08:00"
"https://raw.githubusercontent.com/morteza-v2/free-v2ray-irancell-config/refs/heads/main/Sub1.txt",0,"2026-09-19T11:00:14.230470+08:00"
"https://raw.githubusercontent.com/Everyday-VPN/Everyday-VPN/refs/heads/main/subscription/main.txt",0,"2026-09-19T11:00:14.230470+08:00"
"https://raw.githubusercontent.com/Huibq/TrojanLinks/master/links/vmess#ignore=vmess",41,"2026-09-19T11:00:14.230470+08:00"
"https://raw.githubusercontent.com/xiaoji235/airport-free/refs/heads/main/v2ray.txt",1317,"2026-09-19T11:00:14.230470+08:00"
"https://raw.githubusercontent.com/Leon406/SubCrawler/main/sub/share/a11",15,"2026-09-19T11:00:14.230470+08:00"
"https://raw.githubusercontent.com/Lewis-1217/FreeNodes/main/bpjzx1",1,"2026-09-19T11:00:14.230470+08:00"
"https://raw.githubusercontent.com/NicProxy/V2ray/main/configs",8,"2026-09-19T11:00:14.230470+08:00"
"https://raw.githubusercontent.com/xiyaowong/freeFQ/main/v2ray",46,"2026-09-19T11:00:14.230470+08:00"
"https://raw.githubusercontent.com/vxiaov/free_proxies/main/links.txt",1,"2026-09-19T11:00:14.230470+08:00"
"https://raw.githubusercontent.com/mfuu/v2ray/master/merge/merge.txt",0,"2026-09-19T11:00:14.230470+08:00"
"https://raw.githubusercontent.com/Strongmiao168/v2ray/main/1203",13,"2026-09-19T11:00:14.230470+08:00"
"https://raw.githubusercontent.com/davudsedft/purlite/main/link/shadowsocks.txt",0,"2026-09-19T11:00:14.230470+08:00"
"https://raw.githubusercontent.com/shadowsocksr-rm/shadowsocksr-csharp/main/shadowsocks-csharp/Data/cn.txt",0,"2026-09-19T11:00:14.230470+08:00"
"https://raw.githubusercontent.com/wenxig/free-nodes-sub/refs/heads/main/data/sub.txt",20,"2026-09-19T11:00:14.230470+08:00"
"https://raw.githubusercontent.com/hq450/fancyss/main/rules/gfwlist.txt",0,"2026-09-19T11:00:14.230470+08:00"
"https://raw.githubusercontent.com/Heapy/awesome-kotlin/main/Backlog.txt",0,"2026-09-19T11:00:14.230470+08:00"
"https://raw.githubusercontent.com/ToyoDAdoubi/doubi/main/other/pac.txt",0,"2026-09-19T11:00:14.230470+08:00"
"https://raw.githubusercontent.com/free18/v2ray/refs/heads/main/v.txt",58,"2026-09-19T11:00:14.230470+08:00"
"https://raw.githubusercontent.com/mahdibland/V2RayAggregator/main/sub/list/66.txt",0,"2026-09-19T11:00:14.230470+08:00"
"https://raw.githubusercontent.com/firerpa/lamda/main/CHANGELOG.txt",0,"2026-09-19T11:00:14.230470+08:00"
"https://raw.githubusercontent.com/Epodonios/v2ray-configs/main/Sub45.txt",0,"2026-09-19T11:00:14.230470+08:00"
"https://raw.githubusercontent.com/lashwang/shadowsocks-android/main/core/src/main/jni/shadowsocks-libev/CMakeLists.txt",0,"2026-09-19T11:00:14.230470+08:00"
"https://raw.githubusercontent.com/sinavm/SVM/refs/heads/main/config.txt",53,"2026-09-19T11:00:14.230470+08:00"
"https://raw.githubusercontent.com/six2dez/OneListForAll/main/dict/log_long.txt",0,"2026-09-19T11:00:14.230470+08:00"
"https://raw.githubusercontent.com/vulncheck-oss/0day.today.archive/main/local-exploits/28797.txt",0,"2026-09-19T11:00:14.230470+08:00"
"https://raw.githubusercontent.com/gfpcom/free-proxy-list/main/sources/ss.txt",0,"2026-09-19T11:00:14.230470+08:00"
"https://raw.githubusercontent.com/LiveXY/elearning/main/python.txt",0,"2026-09-19T11:00:14.230470+08:00"
"https://raw.githubusercontent.com/Homeless-Xu/HomeLess-HomeLAB/main/◼︎1-Net/za-V2ray.txt",0,"2026-09-19T11:00:14.230470+08:00"
"https://raw.githubusercontent.com/zjuchenyuan/notebook/main/code/newubuntu14.txt",0,"2026-09-19T11:00:14.230470+08:00"
"https://raw.githubusercontent.com/Loukky/gfwlist-by-loukky/main/list.txt",0,"2026-09-19T11:00:14.230470+08:00"
"https://raw.githubusercontent.com/ssrsub/ssr/refs/heads/master/v2ray",35,"2026-09-19T11:00:14.230470+08:00"
"https://raw.githubusercontent.com/v3aqb/fwlite/main/release_note.txt",0,"2026-09-19T11:00:14.230470+08:00"
"https://raw.githubusercontent.com/Barabama/FreeNodes/master/nodes/merged.txt",81,"2026-09-19T11:00:14.230470+08:00"
"https://raw.githubusercontent.com/Barabama/FreeNodes/master/nodes/zyfxs.txt",63,"2026-09-19T11:00:14.230470+08:00"
"https://raw.githubusercontent.com/Barabama/FreeNodes/master/nodes/yudou66.txt",75,"2026-09-19T11:00:14.230470+08:00"
"https://raw.githubusercontent.com/MOnday9907/v2ray/main/v2ray.txt",0,"2026-09-19T11:00:14.230470+08:00"
"https://raw.githubusercontent.com/Lewis-1217/FreeNodes/main/bpjzx2",1,"2026-09-19T11:00:14.230470+08:00"
"https://raw.githubusercontent.com/lemonhall/node_note/main/shadowsocks.txt",0,"2026-09-19T11:00:14.230470+08:00"
"https://raw.githubusercontent.com/sakazxc1400-creator/free-vpn-sub/main/output/sub.txt",0,"2026-09-19T11:00:14.230470+08:00"
"https://raw.githubusercontent.com/sakazxc1400-creator/free-vpn-sub/main/output/sub-full.txt",0,"2026-09-19T11:00:14.230470+08:00"
"https://raw.githubusercontent.com/aviamastersgh/vpn-free-russia/main/verified_configs.txt",227,"2026-09-19T11:00:14.230470+08:00"
"https://raw.githubusercontent.com/aviamastersgh/vpn-free-russia/main/all_configs.txt",1840,"2026-09-19T11:00:14.230470+08:00"
"https://raw.githubusercontent.com/iboxz/free-v2ray-collector/main/main/mix.txt",170,"2026-09-19T11:00:14.230470+08:00"
"https://raw.githubusercontent.com/iboxz/free-v2ray-collector/main/main/vless.txt",135,"2026-09-19T11:00:14.230470+08:00"
"https://raw.githubusercontent.com/iboxz/free-v2ray-collector/main/main/vmess.txt",12,"2026-09-19T11:00:14.230470+08:00"
"https://raw.githubusercontent.com/iboxz/free-v2ray-collector/main/main/trojan.txt",11,"2026-09-19T11:00:14.230470+08:00"
"https://raw.githubusercontent.com/iboxz/free-v2ray-collector/main/main/shadowsocks.txt",17,"2026-09-19T11:00:14.230470+08:00"
"https://raw.githubusercontent.com/V2RayRoot/V2RayConfig/refs/heads/main/Config/vless.txt",112,"2026-09-19T11:00:14.230470+08:00"
"https://raw.githubusercontent.com/V2RayRoot/V2RayConfig/refs/heads/main/Config/vmess.txt",9,"2026-09-19T11:00:14.230470+08:00"
"https://raw.githubusercontent.com/V2RayRoot/V2RayConfig/refs/heads/main/Config/shadowsocks.txt",120,"2026-09-19T11:00:14.230470+08:00"
"https://raw.githubusercontent.com/MohammadBahemmat/V2ray-Collector/main/all_servers.txt",46,"2026-09-19T11:00:14.230470+08:00"
"https://raw.githubusercontent.com/MohammadBahemmat/V2ray-Collector/main/servers/vmess_servers.txt",0,"2026-09-19T11:00:14.230470+08:00"
"https://raw.githubusercontent.com/MohammadBahemmat/V2ray-Collector/main/servers/vless_servers.txt",30,"2026-09-19T11:00:14.230470+08:00"
"https://raw.githubusercontent.com/MohammadBahemmat/V2ray-Collector/main/servers/trojan_servers.txt",11,"2026-09-19T11:00:14.230470+08:00"
"https://raw.githubusercontent.com/MohammadBahemmat/V2ray-Collector/main/servers/hysteria_servers.txt",1,"2026-09-19T11:00:14.230470+08:00"
"https://raw.githubusercontent.com/MohammadBahemmat/V2ray-Collector/main/servers/hysteria2_servers.txt",1,"2026-09-19T11:00:14.230470+08:00"
"https://raw.githubusercontent.com/MohammadBahemmat/V2ray-Collector/main/servers/tuic_servers.txt",1,"2026-09-19T11:00:14.230470+08:00"
"https://raw.githubusercontent.com/MohammadBahemmat/V2ray-Collector/main/servers/socks_servers.txt",0,"2026-09-19T11:00:14.230470+08:00"
"https://raw.githubusercontent.com/MohammadBahemmat/V2ray-Collector/main/servers/socks5_servers.txt",0,"2026-09-19T11:00:14.230470+08:00"
"https://raw.githubusercontent.com/MohammadBahemmat/V2ray-Collector/main/servers/ss_servers.txt",5,"2026-09-19T11:00:14.230470+08:00"
"https://raw.githubusercontent.com/cbusifabcap/daily_free_vpn/refs/heads/main/Z.txt",1224,"2026-09-19T11:00:14.230470+08:00"
"https://raw.githubusercontent.com/hello-world-1989/v2-sub/main/end-gfw-together-af3e13",2,"2026-09-19T11:00:14.230470+08:00"
"https://raw.githubusercontent.com/0xRadikal/Free-v2ray-Configs/main/heavy/configs_base64.txt",2722,"2026-09-19T11:00:14.230470+08:00"
"https://raw.githubusercontent.com/0xRadikal/Free-v2ray-Configs/main/light/configs_base64.txt",975,"2026-09-19T11:00:14.230470+08:00"
"https://raw.githubusercontent.com/ggborr/FREEE-VPN/refs/heads/main/5V2",0,"2026-09-19T11:00:14.230470+08:00"
"https://raw.githubusercontent.com/barry-far/V2ray-config/main/Splitted-By-Protocol/vmess.txt",74,"2026-09-19T11:00:14.230470+08:00"
"https://raw.githubusercontent.com/barry-far/V2ray-config/main/Splitted-By-Protocol/vless.txt",1317,"2026-09-19T11:00:14.230470+08:00"
"https://raw.githubusercontent.com/barry-far/V2ray-config/main/Splitted-By-Protocol/trojan.txt",109,"2026-09-19T11:00:14.230470+08:00"
"https://raw.githubusercontent.com/barry-far/V2ray-config/main/Splitted-By-Protocol/ss.txt",0,"2026-09-19T11:00:14.230470+08:00"
"https://raw.githubusercontent.com/barry-far/V2ray-config/main/Splitted-By-Protocol/ssr.txt",0,"2026-09-19T11:00:14.230470+08:00"
"https://raw.githubusercontent.com/oversizexl/FreeSubsCheck/main/base64.txt",27,"2026-09-19T11:00:14.230470+08:00"
"https://raw.githubusercontent.com/madeye/mihomo-rust/main/M2_QA_BASELINE.txt",0,"2026-09-19T11:00:14.230470+08:00"
"https://raw.githubusercontent.com/nicholascw/vmecs/main/plan.txt",0,"2026-09-19T11:00:14.230470+08:00"
"https://raw.githubusercontent.com/changfengoss/pub/main/data/2023_05_03/mg5No7.txt",223,"2026-09-19T11:00:14.230470+08:00"
"https://raw.githubusercontent.com/changfengoss/pub/main/data/2023_03_13/VHXSIm.txt",223,"2026-09-19T11:00:14.230470+08:00"
"https://raw.githubusercontent.com/crazw/vpn4in1/main/notes.txt",0,"2026-09-19T11:00:14.230470+08:00"
"https://raw.githubusercontent.com/ASC8384/myRime/main/custom_phrase.txt",0,"2026-09-19T11:00:14.230470+08:00"
"https://raw.githubusercontent.com/iqiancheng/shadowsocks-awesome/main/proxy.txt",0,"2026-09-19T11:00:14.230470+08:00"
"https://raw.githubusercontent.com/totravel/shadowsocks-ws/main/local/banner.txt",0,"2026-09-19T11:00:14.230470+08:00"
"https://raw.githubusercontent.com/sakha1370/OpenRay/main/small.txt",0,"2026-09-19T11:00:14.230470+08:00"
"https://raw.githubusercontent.com/NoviceLive/unish/main/dat/arch.txt",0,"2026-09-19T11:00:14.230470+08:00"
"https://raw.githubusercontent.com/DukeMehdi/FreeList-V2ray-Configs/refs/heads/main/Configs/All-DukeMehdi-Configs.txt",8766,"2026-09-19T11:00:14.230470+08:00"
"https://raw.githubusercontent.com/killgcd/chromego/main/ChromeGo/XX-Net/code/default/smart_router/local/gfw_black_list.txt",0,"2026-09-19T11:00:14.230470+08:00"
"https://raw.githubusercontent.com/yuchuanqicy/Over-The-Wall/main/user-rule.txt",0,"2026-09-19T11:00:14.230470+08:00"
"https://raw.githubusercontent.com/AUGMXNT/deccp/main/harmful.txt",0,"2026-09-19T11:00:14.230470+08:00"
"https://raw.githubusercontent.com/1979139113/0day-today-exploits/main/28798.txt",0,"2026-09-19T11:00:14.230470+08:00"
"https://raw.githubusercontent.com/tech-srl/c3po/main/DataCreation/sampled_repos.txt",0,"2026-09-19T11:00:14.230470+08:00"
"https://raw.githubusercontent.com/fastbash/fancyss/main/Changelog.txt",0,"2026-09-19T11:00:14.230470+08:00"
"https://raw.githubusercontent.com/slpcat/docker-images/main/vpn/v2ray/NOTE.txt",0,"2026-09-19T11:00:14.230470+08:00"
"https://raw.githubusercontent.com/guzhig/QuantumultX/main/Filter/Global.txt",0,"2026-09-19T11:00:14.230470+08:00"
"https://raw.githubusercontent.com/longlon/v2ray-config/main/Sub28.txt",225,"2026-09-19T11:00:14.230470+08:00"
"https://raw.githubusercontent.com/yaya131/X86_64-TEST/main/Config/X64.txt",0,"2026-09-19T11:00:14.230470+08:00"
"https://raw.githubusercontent.com/bcmapp/bcm-android/main/NOTICE.txt",0,"2026-09-19T11:00:14.230470+08:00"
"https://raw.githubusercontent.com/wang1/Manjaro-i3/main/note.txt",0,"2026-09-19T11:00:14.230470+08:00"
"https://raw.githubusercontent.com/lazytiger/trojan-rs/main/ipset/domain.txt",0,"2026-09-19T11:00:14.230470+08:00"
"https://raw.githubusercontent.com/lonycc/fuli/main/telegram.txt",0,"2026-09-19T11:00:14.230470+08:00"
"https://raw.githubusercontent.com/liangbin-foxmail/cc-edtunnel/main/西瓜云_clash.txt",22,"2026-09-19T11:00:14.230470+08:00"
"https://raw.githubusercontent.com/codingjerk/dotfiles/main/config/cspell/dict-cj.txt",0,"2026-09-19T11:00:14.230470+08:00"
"https://raw.githubusercontent.com/shaoyouvip/free/refs/heads/main/base64.txt",21,"2026-09-19T11:00:14.230470+08:00"
"https://raw.githubusercontent.com/jth445600/hello-world/main/102.txt",0,"2026-09-19T11:00:14.230470+08:00"
"https://raw.githubusercontent.com/0i0/deepme-crawler/main/crawled.repos/1.txt",0,"2026-09-19T11:00:14.230470+08:00"
"https://raw.githubusercontent.com/snapei/clash-pro-rules/main/gfw.txt",0,"2026-09-19T11:00:14.230470+08:00"
"https://raw.githubusercontent.com/tonyh2021/QLadder/main/topic.txt",0,"2026-09-19T11:00:14.230470+08:00"
"https://raw.githubusercontent.com/dodger487/scrape_hn/main/stories/13996417.txt",0,"2026-09-19T11:00:14.230470+08:00"
"https://raw.githubusercontent.com/houko/xiaomo-studying/main/python/basic/text.txt",0,"2026-09-19T11:00:14.230470+08:00"
"https://raw.githubusercontent.com/zfl9/chinadns-ng/main/res/gfwlist.txt",0,"2026-09-19T11:00:14.230470+08:00"
"https://raw.githubusercontent.com/killgcd/chromego/main/ChromeGo/v2ray/pac.txt",0,"2026-09-19T11:00:14.230470+08:00"
"https://raw.githubusercontent.com/pajecawav/ghloc-web/main/scripts/repos.txt",0,"2026-09-19T11:00:14.230470+08:00"
"https://raw.githubusercontent.com/skylark36/Rules/main/adguard.txt",0,"2026-09-19T11:00:14.230470+08:00"
"https://raw.githubusercontent.com/microic/hello_search/main/repo_list.txt",0,"2026-09-19T11:00:14.230470+08:00"
"https://raw.githubusercontent.com/quniu/ssmgr-deploy/main/example/部署.txt",0,"2026-09-19T11:00:14.230470+08:00"
"https://raw.githubusercontent.com/v2rayA/dist-v2ray-rules-dat/main/gfw.txt",0,"2026-09-19T11:00:14.230470+08:00"
"https://raw.githubusercontent.com/shigalin/Config/main/MEOW/proxy.txt",0,"2026-09-19T11:00:14.230470+08:00"
"https://raw.githubusercontent.com/0i0/deepme-crawler/main/crawled.repos/Z.txt",0,"2026-09-19T11:00:14.230470+08:00"
"https://raw.githubusercontent.com/dhalima3/Autoscribe/main/data/shadow.txt",0,"2026-09-19T11:00:14.230470+08:00"
"https://raw.githubusercontent.com/monlor/mbfiles/main/applist.txt",0,"2026-09-19T11:00:14.230470+08:00"
"https://raw.githubusercontent.com/dimzon/scaling-sniffle/main/by-country/GB.txt",38,"2026-09-19T11:00:14.230470+08:00"
"https://raw.githubusercontent.com/dhalima3/Autoscribe/main/data/shadows.txt",0,"2026-09-19T11:00:14.230470+08:00"
"https://raw.githubusercontent.com/liyucheng09/LatestEval/main/data/code_repos.txt",0,"2026-09-19T11:00:14.230470+08:00"
"https://raw.githubusercontent.com/riaqn/china-dns/main/world.txt",0,"2026-09-19T11:00:14.230470+08:00"
"https://raw.githubusercontent.com/yidahis/shadowsocksr-libev-iOS/main/CMakeCache.txt",0,"2026-09-19T11:00:14.230470+08:00"
"https://raw.githubusercontent.com/predatorray/shadowsocks-helm-chart/main/templates/NOTES.txt",0,"2026-09-19T11:00:14.230470+08:00"
"https://raw.githubusercontent.com/0i0/deepme-crawler/main/crawled.repos/q.txt",0,"2026-09-19T11:00:14.230470+08:00"
"https://raw.githubusercontent.com/yi-Xu-0100/Application-Lists/main/config/v2rayN.txt",0,"2026-09-19T11:00:14.230470+08:00"
"https://raw.githubusercontent.com/rix4uni/WordList/main/1.txt",0,"2026-09-19T11:00:14.230470+08:00"
"https://raw.githubusercontent.com/yaya131/OpenWrt_R7800_Stable/main/Config/mt798x.txt",0,"2026-09-19T11:00:14.230470+08:00"
"https://raw.githubusercontent.com/SIC98/GPT2-python-code-generator/main/top100_repository.txt",0,"2026-09-19T11:00:14.230470+08:00"
"https://raw.githubusercontent.com/jth445600/hello-world/main/103.txt",0,"2026-09-19T11:00:14.230470+08:00"
"https://raw.githubusercontent.com/denxv/TGV2RayScraper/main/channels/urls.txt",0,"2026-09-19T11:00:14.230470+08:00"
"https://raw.githubusercontent.com/YasserAuda/Haking-Tools-List/main/List.txt",0,"2026-09-19T11:00:14.230470+08:00"
"https://raw.githubusercontent.com/koolshare/softgear/main/ss/ss/redchn/cdn.txt",0,"2026-09-19T11:00:14.230470+08:00"
"https://raw.githubusercontent.com/10ium/MihomoSaz/main/Complex_URL_list.txt",0,"2026-09-19T11:00:14.230470+08:00"
"https://raw.githubusercontent.com/elrumo/macOS_Big_Sur_icons_replacements/main/Other/scripts/icns.txt",0,"2026-09-19T11:00:14.230470+08:00"
"https://raw.githubusercontent.com/Varsett/Quas/main/menueng.txt",0,"2026-09-19T11:00:14.230470+08:00"
"https://raw.githubusercontent.com/Simpleyyt/shadowsocks-eos/main/requirments.txt",0,"2026-09-19T11:00:14.230470+08:00"
"https://raw.githubusercontent.com/Opnwall/Mihomo-for-OPNsense/main/mosdns/domains/gfw.txt",0,"2026-09-19T11:00:14.230470+08:00"
"https://raw.githubusercontent.com/BPI-SINOVOIP/BPI-R3MINI-OPENWRT-V21.02.3/main/feeds/kenzo/luci-app-vssr/relnotes.txt",0,"2026-09-19T11:00:14.230470+08:00"
"https://raw.githubusercontent.com/danielaskdd/smartvpn/main/proxy.txt",0,"2026-09-19T11:00:14.230470+08:00"
"https://raw.githubusercontent.com/10ium/VpnClashFaCollector/main/config/channels.txt",0,"2026-09-19T11:00:14.230470+08:00"
"https://raw.githubusercontent.com/tickmao/Rules/main/Shadowsocks/pac.txt",0,"2026-09-19T11:00:14.230470+08:00"
"https://raw.githubusercontent.com/erlang-punch/awesome-erlang/main/awesome/db/r.txt",0,"2026-09-19T11:00:14.230470+08:00"
"https://raw.githubusercontent.com/fabiopetrillo/OpenHubExtractor/main/projects.txt",0,"2026-09-19T11:00:14.230470+08:00"
"https://raw.githubusercontent.com/dimzon/scaling-sniffle/main/by-country/NL.txt",28,"2026-09-19T11:00:14.230470+08:00"
"https://raw.githubusercontent.com/ror-ian/raspi/main/Raspi.txt",0,"2026-09-19T11:00:14.230470+08:00"
"https://raw.githubusercontent.com/0i0/deepme-crawler/main/crawled.repos/i.txt",0,"2026-09-19T11:00:14.230470+08:00"
"https://raw.githubusercontent.com/stormchasingg/zju-rvpn-ubuntu/main/ipv6.txt",0,"2026-09-19T11:00:14.230470+08:00"
"https://raw.githubusercontent.com/dimzon/scaling-sniffle/main/any/443.txt",154,"2026-09-19T11:00:14.230470+08:00"
"https://raw.githubusercontent.com/dimzon/scaling-sniffle/main/any/tcp-443.txt",114,"2026-09-19T11:00:14.230470+08:00"
"https://raw.githubusercontent.com/UnsignedInt8/LightSwordX/main/LightSwordX/black.txt",0,"2026-09-19T11:00:14.230470+08:00"
"https://raw.githubusercontent.com/cloudzun/laddervm/main/SS.txt",0,"2026-09-19T11:00:14.230470+08:00"
"https://raw.githubusercontent.com/372groupproject/milestones-team9-jiachengyang-wenkaizheng/main/video.txt",0,"2026-09-19T11:00:14.230470+08:00"
"https://raw.githubusercontent.com/Kahsolt/SuperCmd/main/bin/proxy.txt",0,"2026-09-19T11:00:14.230470+08:00"
"https://raw.githubusercontent.com/dimzon/scaling-sniffle/main/any/tcp.txt",0,"2026-09-19T11:00:14.230470+08:00"
"https://raw.githubusercontent.com/sunshinehome/zidong/main/0627.yaml.txt",252,"2026-09-19T11:00:14.230470+08:00"
"https://raw.githubusercontent.com/Hidashimora/free-vpn-anti-rkn/main/configs/20.txt",167,"2026-09-19T11:00:14.230470+08:00"
"https://raw.githubusercontent.com/igareck/vpn-configs-for-russia/refs/heads/main/Base64/BLACK_SS%2BAll_RUS_base64.txt",0,"2026-09-19T11:00:14.230470+08:00"
"https://raw.githubusercontent.com/amir-reza-bijandi/v2ray-configs/main/configs.txt",79,"2026-09-19T11:00:14.230470+08:00"
"https://raw.githubusercontent.com/w1770946466/Auto_proxy/refs/heads/main/Long_term_subscription1",44,"2026-09-19T11:00:14.230470+08:00"
"https://raw.githubusercontent.com/w1770946466/Auto_proxy/refs/heads/main/Long_term_subscription2",43,"2026-09-19T11:00:14.230470+08:00"
"https://raw.githubusercontent.com/w1770946466/Auto_proxy/refs/heads/main/Long_term_subscription3",46,"2026-09-19T11:00:14.230470+08:00"
"https://raw.githubusercontent.com/w1770946466/Auto_proxy/refs/heads/main/Long_term_subscription4",40,"2026-09-19T11:00:14.230470+08:00"
"https://raw.githubusercontent.com/w1770946466/Auto_proxy/refs/heads/main/Long_term_subscription5",45,"2026-09-19T11:00:14.230470+08:00"
"https://raw.githubusercontent.com/w1770946466/Auto_proxy/refs/heads/main/Long_term_subscription6",46,"2026-09-19T11:00:14.230470+08:00"
"https://raw.githubusercontent.com/w1770946466/Auto_proxy/refs/heads/main/Long_term_subscription7",47,"2026-09-19T11:00:14.230470+08:00"
"https://raw.githubusercontent.com/w1770946466/Auto_proxy/refs/heads/main/Long_term_subscription8",41,"2026-09-19T11:00:14.230470+08:00"
"https://raw.githubusercontent.com/w1770946466/Auto_proxy/refs/heads/main/Long_term_subscription_try",28,"2026-09-19T11:00:14.230470+08:00"
"https://raw.githubusercontent.com/w1770946466/Auto_proxy/refs/heads/main/Long_term_subscription_num",231,"2026-09-19T11:00:14.230470+08:00"
"https://raw.githubusercontent.com/Arianlavi/RebeldevConfig/refs/heads/main/RebelLink/trojan_subscriptions.txt",1,"2026-09-19T11:00:14.230470+08:00"
"https://raw.githubusercontent.com/Arianlavi/RebeldevConfig/refs/heads/main/RebelLink/vmess_subscriptions.txt",2,"2026-09-19T11:00:14.230470+08:00"
"https://raw.githubusercontent.com/Arianlavi/RebeldevConfig/refs/heads/main/RebelLink/vless_subscriptions.txt",3,"2026-09-19T11:00:14.230470+08:00"
"https://raw.githubusercontent.com/Arianlavi/RebeldevConfig/refs/heads/main/RebelLink/all_subscriptions.txt",29,"2026-09-19T11:00:14.230470+08:00"
"https://raw.githubusercontent.com/Arianlavi/RebeldevConfig/refs/heads/main/RebelLink/ss_subscriptions.txt",23,"2026-09-19T11:00:14.230470+08:00"
"https://raw.githubusercontent.com/Barabama/FreeNodes/refs/heads/main/nodes/yudou66.txt",15,"2026-09-19T11:00:14.230470+08:00"
"https://raw.githubusercontent.com/Barabama/FreeNodes/refs/heads/main/nodes/wenode.txt",11,"2026-09-19T11:00:14.230470+08:00"
"https://raw.githubusercontent.com/Barabama/FreeNodes/refs/heads/main/nodes/nodefree.txt",11,"2026-09-19T11:00:14.230470+08:00"
"https://raw.githubusercontent.com/Barabama/FreeNodes/refs/heads/main/nodes/nodev2ray.txt",12,"2026-09-19T11:00:14.230470+08:00"
"https://raw.githubusercontent.com/Barabama/FreeNodes/refs/heads/main/nodes/ndnode.txt",8,"2026-09-19T11:00:14.230470+08:00"
"https://raw.githubusercontent.com/Barabama/FreeNodes/refs/heads/main/nodes/clashmeta.txt",9,"2026-09-19T11:00:14.230470+08:00"
"https://raw.githubusercontent.com/Barabama/FreeNodes/refs/heads/main/nodes/v2rayshare.txt",11,"2026-09-19T11:00:14.230470+08:00"
"https://raw.githubusercontent.com/resasanian/Mirza/main/mirza-all.txt",82,"2026-09-19T11:00:14.230470+08:00"
"https://raw.githubusercontent.com/resasanian/Mirza/main/mirza-ss.txt",18,"2026-09-19T11:00:14.230470+08:00"
"https://raw.githubusercontent.com/resasanian/Mirza/main/mirza-ssr.txt",118,"2026-09-19T11:00:14.230470+08:00"
"https://raw.githubusercontent.com/resasanian/Mirza/main/mirza-vmess.txt",45,"2026-09-19T11:00:14.230470+08:00"
"https://raw.githubusercontent.com/resasanian/Mirza/main/mirza-vless.txt",64,"2026-09-19T11:00:14.230470+08:00"
"https://raw.githubusercontent.com/resasanian/Mirza/main/mirza-trojan.txt",9,"2026-09-19T11:00:14.230470+08:00"
"https://raw.githubusercontent.com/resasanian/Mirza/main/sub",82,"2026-09-19T11:00:14.230470+08:00"
"https://raw.githubusercontent.com/penhandev/AutoAiVPN/refs/heads/main/allConfigs.txt",1069,"2026-09-19T11:00:14.230470+08:00"
"https://raw.githubusercontent.com/penhandev/AutoAiVPN/refs/heads/main/iran.txt",1005,"2026-09-19T11:00:14.230470+08:00"
"https://raw.githubusercontent.com/penhandev/AutoAiVPN/refs/heads/main/russia.txt",1043,"2026-09-19T11:00:14.230470+08:00"
"https://raw.githubusercontent.com/penhandev/AutoAiVPN/refs/heads/main/AtuoAiVPN.txt",7,"2026-09-19T11:00:14.230470+08:00"
"https://raw.githubusercontent.com/Ashkan-m/v2ray/refs/heads/main/Sub.txt",45,"2026-09-19T11:00:14.230470+08:00"
"https://raw.githubusercontent.com/Ashkan-m/v2ray/refs/heads/main/Sub2.txt",62,"2026-09-19T11:00:14.230470+08:00"
"https://raw.githubusercontent.com/Ashkan-m/v2ray/refs/heads/main/Sub3.txt",300,"2026-09-19T11:00:14.230470+08:00"
"https://raw.githubusercontent.com/Ashkan-m/v2ray/refs/heads/main/VIP.txt",0,"2026-09-19T11:00:14.230470+08:00"
"https://raw.githubusercontent.com/SoliSpirit/SolVPN/main/Protocols/vless.txt",233,"2026-09-19T11:00:14.230470+08:00"
"https://raw.githubusercontent.com/SoliSpirit/SolVPN/main/Protocols/vmess.txt",42,"2026-09-19T11:00:14.230470+08:00"
"https://raw.githubusercontent.com/SoliSpirit/SolVPN/main/Protocols/trojan.txt",17,"2026-09-19T11:00:14.230470+08:00"
"https://raw.githubusercontent.com/SoliSpirit/SolVPN/main/Protocols/shadowsocks.txt",92,"2026-09-19T11:00:14.230470+08:00"
"https://raw.githubusercontent.com/SoliSpirit/SolVPN/main/Subscribes/sub2.txt",25,"2026-09-19T11:00:14.230470+08:00"
"https://raw.githubusercontent.com/SoliSpirit/SolVPN/main/Subscribes/sub3.txt",25,"2026-09-19T11:00:14.230470+08:00"
"https://raw.githubusercontent.com/SoliSpirit/SolVPN/main/Subscribes/sub4.txt",31,"2026-09-19T11:00:14.230470+08:00"
"https://raw.githubusercontent.com/SoliSpirit/SolVPN/main/Subscribes/sub5.txt",43,"2026-09-19T11:00:14.230470+08:00"
"https://raw.githubusercontent.com/SoliSpirit/SolVPN/main/Subscribes/sub6.txt",41,"2026-09-19T11:00:14.230470+08:00"
"https://raw.githubusercontent.com/SoliSpirit/SolVPN/main/Subscribes/sub7.txt",41,"2026-09-19T11:00:14.230470+08:00"
"https://raw.githubusercontent.com/SoliSpirit/SolVPN/main/Subscribes/sub8.txt",30,"2026-09-19T11:00:14.230470+08:00"
"https://raw.githubusercontent.com/SoliSpirit/SolVPN/main/Subscribes/sub9.txt",33,"2026-09-19T11:00:14.230470+08:00"
"https://raw.githubusercontent.com/SoliSpirit/SolVPN/main/Subscribes/sub10.txt",29,"2026-09-19T11:00:14.230470+08:00"
"https://raw.githubusercontent.com/HakurouKen/free-node/refs/heads/main/public",7,"2026-09-19T11:00:14.230470+08:00"
"https://raw.githubusercontent.com/WLget/V2Ray_configs_64/refs/heads/master/ConfigSub_list.txt",3,"2026-09-19T11:00:14.230470+08:00"
"https://raw.githubusercontent.com/3inker/v2ray-subscription/refs/heads/main/subs/all_not_ru.txt",1159,"2026-09-19T11:00:14.230470+08:00"
"https://raw.githubusercontent.com/3inker/v2ray-subscription/refs/heads/main/subs/all_ru.txt",40,"2026-09-19T11:00:14.230470+08:00"
"https://raw.githubusercontent.com/danilog28/V2ray_Configs/refs/heads/main/V2rayMHMD_TI.txt",101,"2026-09-19T11:00:14.230470+08:00"
"https://raw.githubusercontent.com/MahanKenway/Freedom-V2Ray/refs/heads/main/configs/mix.txt",530,"2026-09-19T11:00:14.230470+08:00"
"https://raw.githubusercontent.com/MahanKenway/Freedom-V2Ray/refs/heads/main/configs/vmess.txt",349,"2026-09-19T11:00:14.230470+08:00"
"https://raw.githubusercontent.com/MahanKenway/Freedom-V2Ray/refs/heads/main/configs/vless.txt",73,"2026-09-19T11:00:14.230470+08:00"
"https://raw.githubusercontent.com/MahanKenway/Freedom-V2Ray/refs/heads/main/configs/trojan.txt",70,"2026-09-19T11:00:14.230470+08:00"
"https://raw.githubusercontent.com/MahanKenway/Freedom-V2Ray/refs/heads/main/configs/ss.txt",64,"2026-09-19T11:00:14.230470+08:00"
"https://raw.githubusercontent.com/ALIILAPRO/v2rayNG-Config/refs/heads/main/sub.txt",0,"2026-09-19T11:00:14.230470+08:00"
"https://raw.githubusercontent.com/MhdiTaheri/V2rayCollector/refs/heads/main/sub/mixbase64",335,"2026-09-19T11:00:14.230470+08:00"
"https://raw.githubusercontent.com/sevcator/5ubscrpt10n/main/protocols/vl.txt",18260,"2026-09-19T11:00:14.230470+08:00"
"https://raw.githubusercontent.com/sevcator/5ubscrpt10n/main/protocols/vm.txt",0,"2026-09-19T11:00:14.230470+08:00"
"https://raw.githubusercontent.com/sevcator/5ubscrpt10n/main/protocols/tr.txt",9290,"2026-09-19T11:00:14.230470+08:00"
"https://raw.githubusercontent.com/sevcator/5ubscrpt10n/main/protocols/ss.txt",5843,"2026-09-19T11:00:14.230470+08:00"
"https://raw.githubusercontent.com/sevcator/5ubscrpt10n/main/mini/m1n1-5ub-1.txt",2383,"2026-09-19T11:00:14.230470+08:00"
"https://raw.githubusercontent.com/sevcator/5ubscrpt10n/main/mini/m1n1-5ub-2.txt",2519,"2026-09-19T11:00:14.230470+08:00"
"https://raw.githubusercontent.com/sevcator/5ubscrpt10n/main/mini/m1n1-5ub-3.txt",2577,"2026-09-19T11:00:14.230470+08:00"
"https://raw.githubusercontent.com/sevcator/5ubscrpt10n/main/mini/m1n1-5ub-4.txt",1704,"2026-09-19T11:00:14.230470+08:00"
"https://raw.githubusercontent.com/sevcator/5ubscrpt10n/main/mini/m1n1-5ub-5.txt",0,"2026-09-19T11:00:14.230470+08:00"
"https://raw.githubusercontent.com/sevcator/5ubscrpt10n/main/mini/m1n1-5ub-6.txt",2801,"2026-09-19T11:00:14.230470+08:00"
"https://raw.githubusercontent.com/sevcator/5ubscrpt10n/main/mini/m1n1-5ub-7.txt",2796,"2026-09-19T11:00:14.230470+08:00"
"https://raw.githubusercontent.com/sevcator/5ubscrpt10n/main/mini/m1n1-5ub-8.txt",2814,"2026-09-19T11:00:14.230470+08:00"
"https://raw.githubusercontent.com/sevcator/5ubscrpt10n/main/mini/m1n1-5ub-9.txt",3041,"2026-09-19T11:00:14.230470+08:00"
"https://raw.githubusercontent.com/sevcator/5ubscrpt10n/main/mini/m1n1-5ub-10.txt",2664,"2026-09-19T11:00:14.230470+08:00"
"https://raw.githubusercontent.com/sevcator/5ubscrpt10n/main/mini/m1n1-5ub-11.txt",2620,"2026-09-19T11:00:14.230470+08:00"
"https://raw.githubusercontent.com/sevcator/5ubscrpt10n/main/mini/m1n1-5ub-12.txt",2679,"2026-09-19T11:00:14.230470+08:00"
"https://raw.githubusercontent.com/sevcator/5ubscrpt10n/main/mini/m1n1-5ub-13.txt",2527,"2026-09-19T11:00:14.230470+08:00"
"https://raw.githubusercontent.com/sevcator/5ubscrpt10n/main/mini/m1n1-5ub-14.txt",3154,"2026-09-19T11:00:14.230470+08:00"
"https://raw.githubusercontent.com/sevcator/5ubscrpt10n/main/mini/m1n1-5ub-15.txt",2224,"2026-09-19T11:00:14.230470+08:00"
"https://raw.githubusercontent.com/sevcator/5ubscrpt10n/main/mini/m1n1-5ub-16.txt",2525,"2026-09-19T11:00:14.230470+08:00"
"https://raw.githubusercontent.com/sevcator/5ubscrpt10n/main/mini/m1n1-5ub-17.txt",2003,"2026-09-19T11:00:14.230470+08:00"
"https://raw.githubusercontent.com/sevcator/5ubscrpt10n/main/mini/m1n1-5ub-18.txt",0,"2026-09-19T11:00:14.230470+08:00"
"https://raw.githubusercontent.com/sevcator/5ubscrpt10n/main/mini/m1n1-5ub-19.txt",1926,"2026-09-19T11:00:14.230470+08:00"
"https://raw.githubusercontent.com/sevcator/5ubscrpt10n/main/mini/m1n1-5ub-20.txt",1992,"2026-09-19T11:00:14.230470+08:00"
"https://raw.githubusercontent.com/sevcator/5ubscrpt10n/main/mini/m1n1-5ub-21.txt",1798,"2026-09-19T11:00:14.230470+08:00"
"https://raw.githubusercontent.com/sevcator/5ubscrpt10n/main/mini/m1n1-5ub-22.txt",1821,"2026-09-19T11:00:14.230470+08:00"
"https://raw.githubusercontent.com/sevcator/5ubscrpt10n/main/mini/m1n1-5ub-23.txt",1773,"2026-09-19T11:00:14.230470+08:00"
"https://raw.githubusercontent.com/sevcator/5ubscrpt10n/main/mini/m1n1-5ub-24.txt",1837,"2026-09-19T11:00:14.230470+08:00"
"https://raw.githubusercontent.com/sevcator/5ubscrpt10n/main/mini/m1n1-5ub-25.txt",1828,"2026-09-19T11:00:14.230470+08:00"
"https://raw.githubusercontent.com/sevcator/5ubscrpt10n/main/mini/m1n1-5ub-26.txt",1999,"2026-09-19T11:00:14.230470+08:00"
"https://raw.githubusercontent.com/sevcator/5ubscrpt10n/main/mini/m1n1-5ub-27.txt",1762,"2026-09-19T11:00:14.230470+08:00"
"https://raw.githubusercontent.com/sevcator/5ubscrpt10n/main/mini/m1n1-5ub-28.txt",0,"2026-09-19T11:00:14.230470+08:00"
"https://raw.githubusercontent.com/sevcator/5ubscrpt10n/main/mini/m1n1-5ub-29.txt",2140,"2026-09-19T11:00:14.230470+08:00"
"https://raw.githubusercontent.com/sevcator/5ubscrpt10n/main/mini/m1n1-5ub-30.txt",1844,"2026-09-19T11:00:14.230470+08:00"
"https://raw.githubusercontent.com/sevcator/5ubscrpt10n/main/mini/m1n1-5ub-31.txt",1848,"2026-09-19T11:00:14.230470+08:00"
"https://raw.githubusercontent.com/sevcator/5ubscrpt10n/main/mini/m1n1-5ub-32.txt",1737,"2026-09-19T11:00:14.230470+08:00"
"https://raw.githubusercontent.com/sevcator/5ubscrpt10n/main/mini/m1n1-5ub-33.txt",2209,"2026-09-19T11:00:14.230470+08:00"
"https://raw.githubusercontent.com/sevcator/5ubscrpt10n/main/mini/m1n1-5ub-34.txt",1957,"2026-09-19T11:00:14.230470+08:00"
"https://raw.githubusercontent.com/sevcator/5ubscrpt10n/main/mini/m1n1-5ub-35.txt",1663,"2026-09-19T11:00:14.230470+08:00"
"https://raw.githubusercontent.com/sevcator/5ubscrpt10n/main/mini/m1n1-5ub-36.txt",1524,"2026-09-19T11:00:14.230470+08:00"
"https://raw.githubusercontent.com/sevcator/5ubscrpt10n/main/mini/m1n1-5ub-37.txt",1228,"2026-09-19T11:00:14.230470+08:00"
"https://raw.githubusercontent.com/sevcator/5ubscrpt10n/main/mini/m1n1-5ub-38.txt",1998,"2026-09-19T11:00:14.230470+08:00"
"https://raw.githubusercontent.com/sevcator/5ubscrpt10n/main/mini/m1n1-5ub-39.txt",1876,"2026-09-19T11:00:14.230470+08:00"
"https://raw.githubusercontent.com/sevcator/5ubscrpt10n/main/mini/m1n1-5ub-40.txt",1951,"2026-09-19T11:00:14.230470+08:00"
"https://raw.githubusercontent.com/sevcator/5ubscrpt10n/main/mini/m1n1-5ub-41.txt",1593,"2026-09-19T11:00:14.230470+08:00"
"https://raw.githubusercontent.com/sevcator/5ubscrpt10n/main/mini/m1n1-5ub-42.txt",1809,"2026-09-19T11:00:14.230470+08:00"
"https://raw.githubusercontent.com/sevcator/5ubscrpt10n/main/mini/m1n1-5ub-43.txt",1973,"2026-09-19T11:00:14.230470+08:00"
"https://raw.githubusercontent.com/sevcator/5ubscrpt10n/main/mini/m1n1-5ub-44.txt",1727,"2026-09-19T11:00:14.230470+08:00"
"https://raw.githubusercontent.com/sevcator/5ubscrpt10n/main/mini/m1n1-5ub-45.txt",2081,"2026-09-19T11:00:14.230470+08:00"
"https://raw.githubusercontent.com/sevcator/5ubscrpt10n/main/mini/m1n1-5ub-46.txt",2572,"2026-09-19T11:00:14.230470+08:00"
"https://raw.githubusercontent.com/sevcator/5ubscrpt10n/main/mini/m1n1-5ub-47.txt",2058,"2026-09-19T11:00:14.230470+08:00"
"https://raw.githubusercontent.com/sevcator/5ubscrpt10n/main/mini/m1n1-5ub-48.txt",1608,"2026-09-19T11:00:14.230470+08:00"
"https://raw.githubusercontent.com/sevcator/5ubscrpt10n/main/mini/m1n1-5ub-49.txt",1566,"2026-09-19T11:00:14.230470+08:00"
"https://raw.githubusercontent.com/sevcator/5ubscrpt10n/main/mini/m1n1-5ub-50.txt",1567,"2026-09-19T11:00:14.230470+08:00"
"https://raw.githubusercontent.com/sevcator/5ubscrpt10n/main/mini/m1n1-5ub-51.txt",1564,"2026-09-19T11:00:14.230470+08:00"
"https://raw.githubusercontent.com/sevcator/5ubscrpt10n/main/mini/m1n1-5ub-52.txt",1598,"2026-09-19T11:00:14.230470+08:00"
"https://raw.githubusercontent.com/sevcator/5ubscrpt10n/main/mini/m1n1-5ub-53.txt",1588,"2026-09-19T11:00:14.230470+08:00"
"https://raw.githubusercontent.com/sevcator/5ubscrpt10n/main/mini/m1n1-5ub-54.txt",2085,"2026-09-19T11:00:14.230470+08:00"
"https://raw.githubusercontent.com/sevcator/5ubscrpt10n/main/mini/m1n1-5ub-55.txt",824,"2026-09-19T11:00:14.230470+08:00"
"https://raw.githubusercontent.com/sevcator/5ubscrpt10n/main/mini/m1n1-5ub-56.txt",936,"2026-09-19T11:00:14.230470+08:00"
"https://raw.githubusercontent.com/sevcator/5ubscrpt10n/main/mini/m1n1-5ub-57.txt",441,"2026-09-19T11:00:14.230470+08:00"
"https://raw.githubusercontent.com/sevcator/5ubscrpt10n/main/mini/m1n1-5ub-58.txt",608,"2026-09-19T11:00:14.230470+08:00"
"https://raw.githubusercontent.com/sevcator/5ubscrpt10n/main/mini/m1n1-5ub-59.txt",1009,"2026-09-19T11:00:14.230470+08:00"
"https://raw.githubusercontent.com/sevcator/5ubscrpt10n/main/mini/m1n1-5ub-60.txt",1048,"2026-09-19T11:00:14.230470+08:00"
"https://raw.githubusercontent.com/sevcator/5ubscrpt10n/main/mini/m1n1-5ub-61.txt",1053,"2026-09-19T11:00:14.230470+08:00"
"https://raw.githubusercontent.com/sevcator/5ubscrpt10n/main/mini/m1n1-5ub-62.txt",1671,"2026-09-19T11:00:14.230470+08:00"
"https://raw.githubusercontent.com/sevcator/5ubscrpt10n/main/mini/m1n1-5ub-63.txt",1462,"2026-09-19T11:00:14.230470+08:00"
"https://raw.githubusercontent.com/amirkma/proxykma/refs/heads/main/mix.txt",192,"2026-09-19T11:00:14.230470+08:00"
"https://raw.githubusercontent.com/mosapase/v2ray-sub/refs/heads/main/sub.txt",64,"2026-09-19T11:00:14.230470+08:00"
"https://raw.githubusercontent.com/gslege/CloudflareIP/refs/heads/main/Vless.txt",0,"2026-09-19T11:00:14.230470+08:00"
"https://raw.githubusercontent.com/MrAbolfazlNorouzi/iran-configs/refs/heads/main/configs/working-configs.txt",5,"2026-09-19T11:00:14.230470+08:00"
"https://raw.githubusercontent.com/Epodonios/v2ray-configs/main/Splitted-By-Protocol/vless.txt",1317,"2026-09-19T11:00:14.230470+08:00"
"https://raw.githubusercontent.com/Mahdi0024/ProxyCollector/refs/heads/master/sub/proxies.txt",40,"2026-09-19T11:00:14.230470+08:00"
"https://raw.githubusercontent.com/roosterkid/openproxylist/refs/heads/main/V2RAY_RAW.txt",121,"2026-09-19T11:00:14.230470+08:00"
"https://raw.githubusercontent.com/MhdiTaheri/V2rayCollector/main/sub/mix",335,"2026-09-19T11:00:14.230470+08:00"
"https://raw.githubusercontent.com/ALIILAPRO/v2rayNG-Config/main/sub.txt",722,"2026-09-19T11:00:14.230470+08:00"
"https://raw.githubusercontent.com/ALIILAPRO/v2rayNG-Config/main/server.txt",722,"2026-09-19T11:00:14.230470+08:00"
"https://raw.githubusercontent.com/MrPooyaX/VpnsFucking/main/Shenzo.txt",15,"2026-09-19T11:00:14.230470+08:00"
"https://raw.githubusercontent.com/yebekhe/vpn-fail/refs/heads/main/sub-link",23,"2026-09-19T11:00:14.230470+08:00"
"https://raw.githubusercontent.com/snakem982/proxypool/main/source/v2ray.txt",0,"2026-09-19T11:00:14.230470+08:00"
"https://raw.githubusercontent.com/Epodonios/v2ray-configs/refs/heads/main/Splitted-By-Protocol/ss.txt",216,"2026-09-19T11:00:14.230470+08:00"
"https://raw.githubusercontent.com/Epodonios/v2ray-configs/refs/heads/main/Splitted-By-Protocol/ssr.txt",0,"2026-09-19T11:00:14.230470+08:00"
"https://raw.githubusercontent.com/Epodonios/v2ray-configs/refs/heads/main/Splitted-By-Protocol/trojan.txt",109,"2026-09-19T11:00:14.230470+08:00"
"https://raw.githubusercontent.com/Epodonios/v2ray-configs/refs/heads/main/Splitted-By-Protocol/vless.txt",1317,"2026-09-19T11:00:14.230470+08:00"
"https://raw.githubusercontent.com/Epodonios/v2ray-configs/refs/heads/main/Splitted-By-Protocol/vmess.txt",74,"2026-09-19T11:00:14.230470+08:00"
"https://raw.githubusercontent.com/MrMohebi/xray-proxy-grabber-telegram/master/collected-proxies/row-url/actives.txt",0,"2026-09-19T11:00:14.230470+08:00"
"https://raw.githubusercontent.com/MrMohebi/xray-proxy-grabber-telegram/master/collected-proxies/row-url/all.txt",0,"2026-09-19T11:00:14.230470+08:00"
"https://raw.githubusercontent.com/shuaidaoya/FreeNodes/refs/heads/main/nodes/base64.txt",2,"2026-09-19T11:00:14.230470+08:00"
"https://raw.githubusercontent.com/mheidari98/.proxy/refs/heads/main/all",0,"2026-09-19T11:00:14.230470+08:00"
"https://raw.githubusercontent.com/mheidari98/.proxy/refs/heads/main/ss",740,"2026-09-19T11:00:14.230470+08:00"
"https://raw.githubusercontent.com/mheidari98/.proxy/refs/heads/main/vmess",1158,"2026-09-19T11:00:14.230470+08:00"
"https://raw.githubusercontent.com/mheidari98/.proxy/refs/heads/main/vless",1905,"2026-09-19T11:00:14.230470+08:00"
"https://raw.githubusercontent.com/mheidari98/.proxy/refs/heads/main/trojan",552,"2026-09-19T11:00:14.230470+08:00"
"https://raw.githubusercontent.com/Huibq/TrojanLinks/master/links/ss_with_plugin",12,"2026-09-19T11:00:14.230470+08:00"
"https://raw.githubusercontent.com/Huibq/TrojanLinks/master/links/ss",1,"2026-09-19T11:00:14.230470+08:00"
"https://raw.githubusercontent.com/Huibq/TrojanLinks/master/links/ssr",8,"2026-09-19T11:00:14.230470+08:00"
"https://raw.githubusercontent.com/Huibq/TrojanLinks/master/links/vless",20,"2026-09-19T11:00:14.230470+08:00"
"https://raw.githubusercontent.com/Huibq/TrojanLinks/master/links/vmess",41,"2026-09-19T11:00:14.230470+08:00"
"https://raw.githubusercontent.com/Huibq/TrojanLinks/master/links/trojan",32,"2026-09-19T11:00:14.230470+08:00"
"https://raw.githubusercontent.com/Huibq/TrojanLinks/master/links/temporary",127,"2026-09-19T11:00:14.230470+08:00"
"https://raw.githubusercontent.com/peasoft/NoMoreWalls/refs/heads/master/list.txt",53,"2026-09-19T11:00:14.230470+08:00"
"https://raw.githubusercontent.com/SamanValipour1/My-v2ray-configs/main/MySub.txt",22,"2026-09-19T11:00:14.230470+08:00"
"https://raw.githubusercontent.com/MrPooyaX/SansorchiFucker/main/data.txt",0,"2026-09-19T11:00:14.230470+08:00"
"https://raw.githubusercontent.com/YasserDivaR/pr0xy/main/ShadowSocks2021.txt",114,"2026-09-19T11:00:14.230470+08:00"
"https://raw.githubusercontent.com/shabane/kamaji/master/hub/b64/ss.txt",4401,"2026-09-19T11:00:14.230470+08:00"
"https://raw.githubusercontent.com/shabane/kamaji/master/hub/b64/vmess.txt",1320,"2026-09-19T11:00:14.230470+08:00"
"https://raw.githubusercontent.com/shabane/kamaji/master/hub/b64/vless.txt",6292,"2026-09-19T11:00:14.230470+08:00"
"https://raw.githubusercontent.com/shabane/kamaji/master/hub/b64/trojan.txt",1971,"2026-09-19T11:00:14.230470+08:00"
"https://raw.githubusercontent.com/shabane/kamaji/master/hub/b64/merged.txt",10272,"2026-09-19T11:00:14.230470+08:00"
"https://raw.githubusercontent.com/chfchf0306/jeidian4.18/main/4.18",15,"2026-09-19T11:00:14.230470+08:00"
"https://raw.githubusercontent.com/SANYIMOE/VPN-free/master/sub",0,"2026-09-19T11:00:14.230470+08:00"
"https://raw.githubusercontent.com/vxiaov/free_proxy_ss/main/ss/sssub",0,"2026-09-19T11:00:14.230470+08:00"
"https://raw.githubusercontent.com/wrfree/free/refs/heads/main/ssr",0,"2026-09-19T11:00:14.230470+08:00"
"https://raw.githubusercontent.com/wrfree/free/refs/heads/main/v2",30,"2026-09-19T11:00:14.230470+08:00"
"https://raw.githubusercontent.com/xhmotor/V2rayn/main/v2rayn",1,"2026-09-19T11:00:14.230470+08:00"
"https://raw.githubusercontent.com/shirkerboy/scp/main/sub",0,"2026-09-19T11:00:14.230470+08:00"
"https://raw.githubusercontent.com/freefq/free/master/v2",4,"2026-09-19T11:00:14.230470+08:00"
"https://raw.githubusercontent.com/ssrsub/ssr/master/ss-sub",0,"2026-09-19T11:00:14.230470+08:00"
"https://raw.githubusercontent.com/hkaa0/permalink/main/proxy/V2ray",0,"2026-09-19T11:00:14.230470+08:00"
"https://raw.githubusercontent.com/hkaa0/permalink/e8f97142d083c0f5dac55af7b6531b300f273b4d/proxy/V2ray",27,"2026-09-19T11:00:14.230470+08:00"
"https://raw.githubusercontent.com/amirparsaxs/V2rayy/refs/heads/main/Sub.text555",11,"2026-09-19T11:00:14.230470+08:00"
"https://raw.githubusercontent.com/sh3d0ww02f/sh3d0ww02f.github.io/main/ssr.config",0,"2026-09-19T11:00:14.230470+08:00"
"https://raw.githubusercontent.com/barry-far/V2ray-Configs/main/Splitted-By-Protocol/vless.txt",0,"2026-09-19T11:00:14.230470+08:00"
"https://raw.githubusercontent.com/JieErJingFu/FreeNodesV2RayorTrojan_20210113-/main/EncryptedFreeNodes.txt",38,"2026-09-19T11:00:14.230470+08:00"
"https://raw.githubusercontent.com/ebrasha/free-v2ray-public-list/refs/heads/main/V2Ray-Config-By-EbraSha-All-Type.txt",9353,"2026-09-19T11:00:14.230470+08:00"
"https://raw.githubusercontent.com/ebrasha/free-v2ray-public-list/refs/heads/main/V2Ray-Config-By-EbraSha.txt",643,"2026-09-19T11:00:14.230470+08:00"
"https://raw.githubusercontent.com/HakurouKen/free-node/main/public",7,"2026-09-19T11:00:14.230470+08:00"
"https://raw.githubusercontent.com/voken100g/AutoSSR/master/online",5,"2026-09-19T11:00:14.230470+08:00"
"https://raw.githubusercontent.com/samjoeyang/subscribe/main/fly",0,"2026-09-19T11:00:14.230470+08:00"
"https://raw.githubusercontent.com/ssrsub/ssr/master/V2Ray",0,"2026-09-19T11:00:14.230470+08:00"
"https://raw.githubusercontent.com/ssrsub/ssr/master/ssrsub",0,"2026-09-19T11:00:14.230470+08:00"
"https://raw.githubusercontent.com/ssrsub/ssr/master/trojan",0,"2026-09-19T11:00:14.230470+08:00"
"https://raw.githubusercontent.com/tjyu010/jiedian/main/21",18,"2026-09-19T11:00:14.230470+08:00"
"https://raw.githubusercontent.com/w1770946466/Auto_proxy/main/Long_term_subscription2",43,"2026-09-19T11:00:14.230470+08:00"
"https://raw.githubusercontent.com/w1770946466/Auto_proxy/main/Long_term_subscription3",46,"2026-09-19T11:00:14.230470+08:00"
"https://raw.githubusercontent.com/vxiaov/free_proxy_ss/main/v2ray/v2raysub",1,"2026-09-19T11:00:14.230470+08:00"
"https://raw.githubusercontent.com/vxiaov/free_proxy_ss/main/ssr/ssrsub",2,"2026-09-19T11:00:14.230470+08:00"
"https://raw.githubusercontent.com/webdao/v2ray/master/nodes.txt",0,"2026-09-19T11:00:14.230470+08:00"
"https://raw.githubusercontent.com/learnhard-cn/free_proxy_ss/main/v2ray/v2raysub",1,"2026-09-19T11:00:14.230470+08:00"
"https://raw.githubusercontent.com/awesome-vpn/awesome-vpn/master/all",42,"2026-09-19T11:00:14.230470+08:00"
"https://raw.githubusercontent.com/awesome-vpn/awesome-vpn/master/ss",0,"2026-09-19T11:00:14.230470+08:00"
"https://raw.githubusercontent.com/awesome-vpn/awesome-vpn/master/ssr",0,"2026-09-19T11:00:14.230470+08:00"
"https://raw.githubusercontent.com/kaoxindalao/v2raycheshi/main/v2raycheshi",62,"2026-09-19T11:00:14.230470+08:00"
"https://raw.githubusercontent.com/Mohammadgb0078/IRV2ray/main/vmess.txt",14,"2026-09-19T11:00:14.230470+08:00"
"https://raw.githubusercontent.com/Mohammadgb0078/IRV2ray/main/vless.txt",43,"2026-09-19T11:00:14.230470+08:00"
"https://raw.githubusercontent.com/Pawdroid/Free-servers/main/sub",11,"2026-09-19T11:00:14.230470+08:00"
"https://raw.githubusercontent.com/RaymondHarris971/ssrsub/master/9a075bdee5.txt",8,"2026-09-19T11:00:14.230470+08:00"
"https://raw.githubusercontent.com/youfoundamin/V2rayCollector/main/ss_iran.txt",220,"2026-09-19T11:00:14.230470+08:00"
"https://raw.githubusercontent.com/youfoundamin/V2rayCollector/main/vless_iran.txt",1053,"2026-09-19T11:00:14.230470+08:00"
"https://raw.githubusercontent.com/youfoundamin/V2rayCollector/main/vmess_iran.txt",160,"2026-09-19T11:00:14.230470+08:00"
"https://raw.githubusercontent.com/youfoundamin/V2rayCollector/main/trojan_iran.txt",141,"2026-09-19T11:00:14.230470+08:00"
"https://raw.githubusercontent.com/youfoundamin/V2rayCollector/main/mixed_iran.txt",255,"2026-09-19T11:00:14.230470+08:00"
"https://raw.githubusercontent.com/openRunner/clash-freenode/main/v2ray.txt",0,"2026-09-19T11:00:14.230470+08:00"
"https://raw.githubusercontent.com/learnhard-cn/free_proxy_ss/main/free",1,"2026-09-19T11:00:14.230470+08:00"
"https://raw.githubusercontent.com/learnhard-cn/free_proxy_ss/main/ss/sssub",0,"2026-09-19T11:00:14.230470+08:00"
"https://raw.githubusercontent.com/learnhard-cn/free_proxy_ss/main/ssr/ssrsub",2,"2026-09-19T11:00:14.230470+08:00"
"https://raw.githubusercontent.com/rxsweet/CM_Vmess/refs/heads/main/test.txt",0,"2026-09-19T11:00:14.230470+08:00"
"https://raw.githubusercontent.com/Flik6/getNode/main/v2ray.txt",0,"2026-09-19T11:00:14.230470+08:00"
"https://raw.githubusercontent.com/adminaliang/v2ray/refs/heads/main/v2ray",0,"2026-09-19T11:00:14.230470+08:00"
"https://raw.githubusercontent.com/Leon406/SubCrawler/main/sub/share/v2",146,"2026-09-19T11:00:14.230470+08:00"
"https://raw.githubusercontent.com/Leon406/SubCrawler/main/sub/share/all3",0,"2026-09-19T11:00:14.230470+08:00"
"https://raw.githubusercontent.com/Leon406/SubCrawler/main/sub/share/all4",0,"2026-09-19T11:00:14.230470+08:00"
"https://raw.githubusercontent.com/snakem982/proxypool/main/nodelist.txt",0,"2026-09-19T11:00:14.230470+08:00"
"https://raw.githubusercontent.com/mfuu/v2ray/master/v2ray",0,"2026-09-19T11:00:14.230470+08:00"
"https://raw.githubusercontent.com/ts-sf/fly/main/v2",115,"2026-09-19T11:00:14.230470+08:00"
"https://raw.githubusercontent.com/Mahanfix/v2rayvpn/main/mahanfix",0,"2026-09-19T11:00:14.230470+08:00"
"https://raw.githubusercontent.com/webdao/v2ray/refs/heads/master/nodes.txt",0,"2026-09-19T11:00:14.230470+08:00"
"https://raw.githubusercontent.com/webdao/v2ray/refs/heads/master/nodes2.txt",0,"2026-09-19T11:00:14.230470+08:00"
"https://raw.githubusercontent.com/webdao/v2ray/refs/heads/master/nodes3.txt",0,"2026-09-19T11:00:14.230470+08:00"
"https://raw.githubusercontent.com/vpei/free-node-1/refs/heads/main/res/nod-0.txt",931,"2026-09-19T11:00:14.230470+08:00"
"https://raw.githubusercontent.com/vpei/free-node-1/refs/heads/main/res/nod-1.txt",1019,"2026-09-19T11:00:14.230470+08:00"
"https://raw.githubusercontent.com/vpei/free-node-1/refs/heads/main/res/nod-2.txt",810,"2026-09-19T11:00:14.230470+08:00"
"https://raw.githubusercontent.com/vpei/free-node-1/refs/heads/main/res/nod-3.txt",568,"2026-09-19T11:00:14.230470+08:00"
"https://raw.githubusercontent.com/vpei/free-node-1/refs/heads/main/res/nod-4.txt",864,"2026-09-19T11:00:14.230470+08:00"
"https://raw.githubusercontent.com/vpei/free-node-1/refs/heads/main/res/nod-5.txt",0,"2026-09-19T11:00:14.230470+08:00"
"https://raw.githubusercontent.com/vpei/free-node-1/refs/heads/main/res/nod-6.txt",790,"2026-09-19T11:00:14.230470+08:00"
"https://raw.githubusercontent.com/vpei/free-node-1/refs/heads/main/res/nod-7.txt",1056,"2026-09-19T11:00:14.230470+08:00"
"https://raw.githubusercontent.com/vpei/free-node-1/refs/heads/main/res/nod-8.txt",1016,"2026-09-19T11:00:14.230470+08:00"
"https://raw.githubusercontent.com/vpei/free-node-1/refs/heads/main/res/nod-9.txt",969,"2026-09-19T11:00:14.230470+08:00"
"https://raw.githubusercontent.com/freessr0/FREE-SSR/master/V2ray_2020-05-01__23-15-45.txt",0,"2026-09-19T11:00:14.230470+08:00"
"https://raw.githubusercontent.com/freessr0/FREE-SSR/master/V2ray_2020-05-02__18-54-50.txt",0,"2026-09-19T11:00:14.230470+08:00"
"https://raw.githubusercontent.com/freessr0/FREE-SSR/master/SSR_2020-05-01__23-15-45.txt",0,"2026-09-19T11:00:14.230470+08:00"
"https://raw.githubusercontent.com/freessr0/FREE-SSR/master/SSR_2020-05-02__18-54-50.txt",0,"2026-09-19T11:00:14.230470+08:00"
"https://raw.githubusercontent.com/Epodonios/v2ray-configs/main/Splitted-By-Protocol/trojan.txt",109,"2026-09-19T11:00:14.230470+08:00"
"https://raw.githubusercontent.com/Epodonios/v2ray-configs/main/Splitted-By-Protocol/ss.txt",216,"2026-09-19T11:00:14.230470+08:00"
"https://raw.githubusercontent.com/iboxz/free-v2ray-collector/main/main/vless",135,"2026-09-19T11:00:14.230470+08:00"
"https://raw.githubusercontent.com/iboxz/free-v2ray-collector/main/main/trojan",11,"2026-09-19T11:00:14.230470+08:00"
"https://raw.githubusercontent.com/iboxz/free-v2ray-collector/main/main/shadowsocks",17,"2026-09-19T11:00:14.230470+08:00"
"https://raw.githubusercontent.com/iboxz/free-v2ray-collector/main/main",0,"2026-09-19T11:00:14.230470+08:00"
"https://raw.githubusercontent.com/52bp/52bp.github.io/master/freesite.html",0,"2026-09-19T11:00:14.230470+08:00"
"https://raw.githubusercontent.com/Jsnzkpg/Jsnzkpg/Jsnzkpg/Jsnzkpg",0,"2026-09-19T11:00:14.230470+08:00"
"https://raw.githubusercontent.com/LayneChai/subscribe/main/README.md",0,"2026-09-19T11:00:14.230470+08:00"
"https://raw.githubusercontent.com/dalazhi/v2ray/main/v2ray订阅",0,"2026-09-19T11:00:14.230470+08:00"
"https://raw.githubusercontent.com/parsashonam/v2ray/main/all",2,"2026-09-19T11:00:14.230470+08:00"
"https://raw.githubusercontent.com/vxiaov/free_proxies/refs/heads/main/links.txt",1,"2026-09-19T11:00:14.230470+08:00"
"https://raw.githubusercontent.com/amirmohammad-mohammad-88/Sub-Reality-Azadi-config/Config/Azadi-Reality-Different",0,"2026-09-19T11:00:14.230470+08:00"
"https://raw.githubusercontent.com/amirmohammad-mohammad-88/Sub-Reality-Azadi-config/Config/Azadi-Reality-Different-Base64",0,"2026-09-19T11:00:14.230470+08:00"
"https://raw.githubusercontent.com/Surfboardv2ray/TGParse/main/python/hy2",8,"2026-09-19T11:00:14.230470+08:00"
"https://raw.githubusercontent.com/Surfboardv2ray/TGParse/main/python/hysteria2",17,"2026-09-19T11:00:14.230470+08:00"
"https://raw.githubusercontent.com/Surfboardv2ray/TGParse/main/python/hysteria",1,"2026-09-19T11:00:14.230470+08:00"
"https://raw.githubusercontent.com/V2RAYCONFIGSPOOL/V2RAY_SUB/main/V2RAY_SUB.txt",0,"2026-09-19T11:00:14.230470+08:00"
"https://raw.githubusercontent.com/sansorchi/sansorchi/refs/heads/main/data.txt",0,"2026-09-19T11:00:14.230470+08:00"
"https://raw.githubusercontent.com/SamanValipour1/My-v2ray-configs/refs/heads/main/MySub.txt",22,"2026-09-19T11:00:14.230470+08:00"
"https://raw.githubusercontent.com/MrPooyaX/SansorchiFucker/refs/heads/main/data.txt",0,"2026-09-19T11:00:14.230470+08:00"
"https://raw.githubusercontent.com/MrPooyaX/VpnsFucking/refs/heads/main/BeVpn.txt",0,"2026-09-19T11:00:14.230470+08:00"
"https://raw.githubusercontent.com/MrPooyaX/VpnsFucking/refs/heads/main/Shenzo.txt",15,"2026-09-19T11:00:14.230470+08:00"
"https://raw.githubusercontent.com/IranianCypherpunks/Xray/refs/heads/main/Sub",0,"2026-09-19T11:00:14.230470+08:00"
"https://raw.githubusercontent.com/MhdiTaheri/V2rayCollector/main/sub/ss",286,"2026-09-19T11:00:14.230470+08:00"
"https://raw.githubusercontent.com/MhdiTaheri/V2rayCollector/main/sub/vless",0,"2026-09-19T11:00:14.230470+08:00"
"https://raw.githubusercontent.com/MhdiTaheri/V2rayCollector/main/sub/vmess",29,"2026-09-19T11:00:14.230470+08:00"
"https://raw.githubusercontent.com/Surfboardv2ray/TGParse/main/splitted/hy2",8,"2026-09-19T11:00:14.230470+08:00"
"https://raw.githubusercontent.com/Surfboardv2ray/TGParse/main/splitted/hysteria2",17,"2026-09-19T11:00:14.230470+08:00"
"https://raw.githubusercontent.com/gfpcom/free-proxy-list/main/list/http.txt",0,"2026-09-19T11:00:14.230470+08:00"
"https://raw.githubusercontent.com/gfpcom/free-proxy-list/main/list/https.txt",0,"2026-09-19T11:00:14.230470+08:00"
"https://raw.githubusercontent.com/gfpcom/free-proxy-list/main/list/socks4.txt",0,"2026-09-19T11:00:14.230470+08:00"
"https://raw.githubusercontent.com/gfpcom/free-proxy-list/main/list/socks4a.txt",0,"2026-09-19T11:00:14.230470+08:00"
"https://raw.githubusercontent.com/gfpcom/free-proxy-list/main/list/socks5.txt",0,"2026-09-19T11:00:14.230470+08:00"
"https://raw.githubusercontent.com/gfpcom/free-proxy-list/main/list/socks5h.txt",0,"2026-09-19T11:00:14.230470+08:00"
"https://raw.githubusercontent.com/gfpcom/free-proxy-list/main/list/trojan.txt",0,"2026-09-19T11:00:14.230470+08:00"
"https://raw.githubusercontent.com/gfpcom/free-proxy-list/main/list/vmess.txt",0,"2026-09-19T11:00:14.230470+08:00"
"https://raw.githubusercontent.com/gfpcom/free-proxy-list/main/list/vless.txt",0,"2026-09-19T11:00:14.230470+08:00"
"https://raw.githubusercontent.com/gfpcom/free-proxy-list/main/list/ss.txt",0,"2026-09-19T11:00:14.230470+08:00"
"https://raw.githubusercontent.com/gfpcom/free-proxy-list/main/list/ssr.txt",0,"2026-09-19T11:00:14.230470+08:00"
"https://raw.githubusercontent.com/SANYIMOE/VPN-free/4cf1dfd9e9b1f612a60f8796f43ea17f2bca0727/conf/data.txt",17,"2026-09-19T11:00:14.230470+08:00"
"https://raw.githubusercontent.com/SANYIMOE/VPN-free/5b5c8c09aa665169692ffcb48fed7c786bf0e737/conf/data.txt",7,"2026-09-19T11:00:14.230470+08:00"
"https://raw.githubusercontent.com/SANYIMOE/VPN-free/bfd7d84e84ef6fbbd89352dea17fdbcb8ac3e29a/conf/data.txt",7,"2026-09-19T11:00:14.230470+08:00"
"https://raw.githubusercontent.com/SANYIMOE/VPN-free/9ecbfd0efd89256e136f7b8c4558dc94fe1905af/conf/data.txt",1,"2026-09-19T11:00:14.230470+08:00"
"https://raw.githubusercontent.com/SANYIMOE/VPN-free/6e93041767a76c3104062551b003f29ea55f584e/conf/data.txt",1,"2026-09-19T11:00:14.230470+08:00"
"https://raw.githubusercontent.com/barry-far/V2ray-Configs/main/Splitted-By-Protocol/hysteria2.txt",0,"2026-09-19T11:00:14.230470+08:00"
"https://raw.githubusercontent.com/Epodonios/v2ray-configs/main/Splitted-By-Protocol/ssr.txt",0,"2026-09-19T11:00:14.230470+08:00"
"https://raw.githubusercontent.com/Epodonios/v2ray-configs/main/Splitted-By-Protocol/mix.txt",0,"2026-09-19T11:00:14.230470+08:00"
"https://raw.githubusercontent.com/Epodonios/v2ray-configs/main/Splitted-By-Protocol/vmess.txt",74,"2026-09-19T11:00:14.230470+08:00"
"https://raw.githubusercontent.com/soroushmirzaei/telegram-configs-collector/main/protocols/tuic",0,"2026-09-19T11:00:14.230470+08:00"
"https://raw.githubusercontent.com/soroushmirzaei/telegram-configs-collector/main/protocols/hysteria",0,"2026-09-19T11:00:14.230470+08:00"
"https://raw.githubusercontent.com/soroushmirzaei/telegram-configs-collector/main/protocols/juicity",0,"2026-09-19T11:00:14.230470+08:00"
"https://raw.githubusercontent.com/soroushmirzaei/telegram-configs-collector/main/protocols/reality",0,"2026-09-19T11:00:14.230470+08:00"
"https://raw.githubusercontent.com/soroushmirzaei/telegram-configs-collector/main/protocols/shadowsocks",0,"2026-09-19T11:00:14.230470+08:00"
"https://raw.githubusercontent.com/soroushmirzaei/telegram-configs-collector/main/protocols/trojan",0,"2026-09-19T11:00:14.230470+08:00"
"https://raw.githubusercontent.com/soroushmirzaei/telegram-configs-collector/main/protocols/vless",0,"2026-09-19T11:00:14.230470+08:00"
"https://raw.githubusercontent.com/soroushmirzaei/telegram-configs-collector/main/protocols/vmess",0,"2026-09-19T11:00:14.230470+08:00"
"https://raw.githubusercontent.com/soroushmirzaei/telegram-configs-collector/main/channels/protocols/tuic",0,"2026-09-19T11:00:14.230470+08:00"
"https://raw.githubusercontent.com/soroushmirzaei/telegram-configs-collector/main/channels/protocols/hysteria",0,"2026-09-19T11:00:14.230470+08:00"
"https://raw.githubusercontent.com/soroushmirzaei/telegram-configs-collector/main/channels/protocols/juicity",0,"2026-09-19T11:00:14.230470+08:00"
"https://raw.githubusercontent.com/soroushmirzaei/telegram-configs-collector/main/channels/protocols/reality",0,"2026-09-19T11:00:14.230470+08:00"
"https://raw.githubusercontent.com/soroushmirzaei/telegram-configs-collector/main/channels/protocols/shadowsocks",0,"2026-09-19T11:00:14.230470+08:00"
"https://raw.githubusercontent.com/soroushmirzaei/telegram-configs-collector/main/channels/protocols/trojan",0,"2026-09-19T11:00:14.230470+08:00"
"https://raw.githubusercontent.com/soroushmirzaei/telegram-configs-collector/main/channels/protocols/vless",0,"2026-09-19T11:00:14.230470+08:00"
"https://raw.githubusercontent.com/soroushmirzaei/telegram-configs-collector/main/channels/protocols/vmess",0,"2026-09-19T11:00:14.230470+08:00"
"https://raw.githubusercontent.com/yebekhe/TelegramV2rayCollector/main/sub/normal/shadowsocks",0,"2026-09-19T11:00:14.230470+08:00"
"https://raw.githubusercontent.com/yebekhe/TelegramV2rayCollector/main/sub/normal/donated",0,"2026-09-19T11:00:14.230470+08:00"
"https://raw.githubusercontent.com/yebekhe/TelegramV2rayCollector/main/sub/normal/reality",0,"2026-09-19T11:00:14.230470+08:00"
"https://raw.githubusercontent.com/yebekhe/TelegramV2rayCollector/main/sub/normal/trojan",0,"2026-09-19T11:00:14.230470+08:00"
"https://raw.githubusercontent.com/yebekhe/TelegramV2rayCollector/main/sub/normal/vless",0,"2026-09-19T11:00:14.230470+08:00"
"https://raw.githubusercontent.com/yebekhe/TelegramV2rayCollector/main/sub/normal/vmess",0,"2026-09-19T11:00:14.230470+08:00"
"https://raw.githubusercontent.com/yebekhe/TelegramV2rayCollector/main/sub/normal/tuic",0,"2026-09-19T11:00:14.230470+08:00"
"https://raw.githubusercontent.com/yebekhe/TelegramV2rayCollector/main/sub/normal/hysteria2",0,"2026-09-19T11:00:14.230470+08:00"
"https://raw.githubusercontent.com/MhdiTaheri/V2rayCollector/main/sub/hysteriabase64",0,"2026-09-19T11:00:14.230470+08:00"
"https://raw.githubusercontent.com/MhdiTaheri/V2rayCollector/main/sub/tuicbase64",0,"2026-09-19T11:00:14.230470+08:00"
"https://raw.githubusercontent.com/MhdiTaheri/V2rayCollector/main/sub/ssbase64",286,"2026-09-19T11:00:14.230470+08:00"
"https://raw.githubusercontent.com/MhdiTaheri/V2rayCollector/main/sub/trojanbase64",25,"2026-09-19T11:00:14.230470+08:00"
"https://raw.githubusercontent.com/freev2rayconfig/V2RAY_SUBSCRIPTION_LINK/main/v2rayconfigs.txt",0,"2026-09-19T11:00:14.230470+08:00"
"https://raw.githubusercontent.com/IranianCypherpunks/Xray/main/Sub",0,"2026-09-19T11:00:14.230470+08:00"
"https://raw.githubusercontent.com/MatinGhanbari/v2ray-configs/main/subscriptions/filtered/subs/vmess.txt",880,"2026-09-19T11:00:14.230470+08:00"
"https://raw.githubusercontent.com/MatinGhanbari/v2ray-configs/main/subscriptions/filtered/subs/vless.txt",135,"2026-09-19T11:00:14.230470+08:00"
"https://raw.githubusercontent.com/MatinGhanbari/v2ray-configs/main/subscriptions/filtered/subs/trojan.txt",149,"2026-09-19T11:00:14.230470+08:00"
"https://raw.githubusercontent.com/MatinGhanbari/v2ray-configs/main/subscriptions/filtered/subs/ssr.txt",0,"2026-09-19T11:00:14.230470+08:00"
"https://raw.githubusercontent.com/MatinGhanbari/v2ray-configs/main/subscriptions/filtered/subs/ss.txt",221,"2026-09-19T11:00:14.230470+08:00"
"https://raw.githubusercontent.com/MatinGhanbari/v2ray-configs/main/subscriptions/filtered/subs/tuic.txt",0,"2026-09-19T11:00:14.230470+08:00"
"https://raw.githubusercontent.com/MatinGhanbari/v2ray-configs/main/subscriptions/filtered/subs/hy2.txt",0,"2026-09-19T11:00:14.230470+08:00"
"https://raw.githubusercontent.com/dream4network/telegram-configs-collector/main/subscribe/protocols/juicity",0,"2026-09-19T11:00:14.230470+08:00"
"https://raw.githubusercontent.com/dream4network/telegram-configs-collector/main/protocols/hysteria",0,"2026-09-19T11:00:14.230470+08:00"
"https://raw.githubusercontent.com/dream4network/telegram-configs-collector/main/protocols/tuic",0,"2026-09-19T11:00:14.230470+08:00"
"https://raw.githubusercontent.com/dream4network/telegram-configs-collector/main/protocols/reality",0,"2026-09-19T11:00:14.230470+08:00"
"https://raw.githubusercontent.com/dream4network/telegram-configs-collector/main/protocols/vmess",0,"2026-09-19T11:00:14.230470+08:00"
"https://raw.githubusercontent.com/dream4network/telegram-configs-collector/main/protocols/vless",0,"2026-09-19T11:00:14.230470+08:00"
"https://raw.githubusercontent.com/dream4network/telegram-configs-collector/main/protocols/trojan",0,"2026-09-19T11:00:14.230470+08:00"
"https://raw.githubusercontent.com/dream4network/telegram-configs-collector/main/protocols/shadowsocks",0,"2026-09-19T11:00:14.230470+08:00"
"https://raw.githubusercontent.com/dream4network/telegram-configs-collector/main/splitted/mixed",0,"2026-09-19T11:00:14.230470+08:00"
"https://github.com/0xRadikal/Free-v2ray-Configs/raw/refs/heads/main/all/configs_base64.txt",3154,"2026-09-19T11:00:14.230470+08:00"
"https://github.com/Au1rxx/free-vpn-subscriptions/raw/main/output/v2ray-base64.txt",361,"2026-09-19T11:00:14.230470+08:00"
"https://github.com/nikita29a/FreeProxyList/raw/refs/heads/main/mirror/1.txt",1834,"2026-09-19T11:00:14.230470+08:00"
"https://github.com/nikita29a/FreeProxyList/raw/refs/heads/main/mirror/2.txt",7706,"2026-09-19T11:00:14.230470+08:00"
"https://github.com/nikita29a/FreeProxyList/raw/refs/heads/main/mirror/3.txt",2675,"2026-09-19T11:00:14.230470+08:00"
"https://github.com/nikita29a/FreeProxyList/raw/refs/heads/main/mirror/4.txt",136,"2026-09-19T11:00:14.230470+08:00"
"https://github.com/nikita29a/FreeProxyList/raw/refs/heads/main/mirror/5.txt",442,"2026-09-19T11:00:14.230470+08:00"
"https://github.com/nikita29a/FreeProxyList/raw/refs/heads/main/mirror/6.txt",68,"2026-09-19T11:00:14.230470+08:00"
"https://github.com/nikita29a/FreeProxyList/raw/refs/heads/main/mirror/7.txt",135,"2026-09-19T11:00:14.230470+08:00"
"https://github.com/nikita29a/FreeProxyList/raw/refs/heads/main/mirror/8.txt",114,"2026-09-19T11:00:14.230470+08:00"
"https://github.com/nikita29a/FreeProxyList/raw/refs/heads/main/mirror/9.txt",143,"2026-09-19T11:00:14.230470+08:00"
"https://github.com/nikita29a/FreeProxyList/raw/refs/heads/main/mirror/10.txt",0,"2026-09-19T11:00:14.230470+08:00"
"https://github.com/nikita29a/FreeProxyList/raw/refs/heads/main/mirror/11.txt",255,"2026-09-19T11:00:14.230470+08:00"
"https://github.com/nikita29a/FreeProxyList/raw/refs/heads/main/mirror/12.txt",4276,"2026-09-19T11:00:14.230470+08:00"
"https://github.com/nikita29a/FreeProxyList/raw/refs/heads/main/mirror/13.txt",58,"2026-09-19T11:00:14.230470+08:00"
"https://github.com/nikita29a/FreeProxyList/raw/refs/heads/main/mirror/14.txt",0,"2026-09-19T11:00:14.230470+08:00"
"https://github.com/nikita29a/FreeProxyList/raw/refs/heads/main/mirror/15.txt",11,"2026-09-19T11:00:14.230470+08:00"
"https://github.com/nikita29a/FreeProxyList/raw/refs/heads/main/mirror/16.txt",161,"2026-09-19T11:00:14.230470+08:00"
"https://github.com/nikita29a/FreeProxyList/raw/refs/heads/main/mirror/17.txt",70,"2026-09-19T11:00:14.230470+08:00"
"https://github.com/nikita29a/FreeProxyList/raw/refs/heads/main/mirror/18.txt",328,"2026-09-19T11:00:14.230470+08:00"
"https://github.com/nikita29a/FreeProxyList/raw/refs/heads/main/mirror/19.txt",827,"2026-09-19T11:00:14.230470+08:00"
"https://github.com/nikita29a/FreeProxyList/raw/refs/heads/main/mirror/20.txt",0,"2026-09-19T11:00:14.230470+08:00"
"https://github.com/nikita29a/FreeProxyList/raw/refs/heads/main/mirror/21.txt",143,"2026-09-19T11:00:14.230470+08:00"
"https://github.com/nikita29a/FreeProxyList/raw/refs/heads/main/mirror/22.txt",630,"2026-09-19T11:00:14.230470+08:00"
"https://github.com/nikita29a/FreeProxyList/raw/refs/heads/main/mirror/23.txt",872,"2026-09-19T11:00:14.230470+08:00"
"https://github.com/nikita29a/FreeProxyList/raw/refs/heads/main/mirror/24.txt",112,"2026-09-19T11:00:14.230470+08:00"
"https://github.com/nikita29a/FreeProxyList/raw/refs/heads/main/mirror/25.txt",24,"2026-09-19T11:00:14.230470+08:00"
"https://github.com/nikita29a/FreeProxyList/raw/refs/heads/main/mirror/26.txt",11,"2026-09-19T11:00:14.230470+08:00"
"https://github.com/barry-far/V2ray-Configs/raw/main/Splitted-By-Protocol/ss.txt",0,"2026-09-19T11:00:14.230470+08:00"
"https://github.com/barry-far/V2ray-Configs/raw/main/Splitted-By-Protocol/ssr.txt",0,"2026-09-19T11:00:14.230470+08:00"
"https://github.com/barry-far/V2ray-Configs/raw/main/Splitted-By-Protocol/tuic.txt",0,"2026-09-19T11:00:14.230470+08:00"
"https://github.com/barry-far/V2ray-Configs/raw/main/Splitted-By-Protocol/vless.txt",0,"2026-09-19T11:00:14.230470+08:00"
"https://github.com/barry-far/V2ray-Configs/raw/main/Splitted-By-Protocol/vmess.txt",0,"2026-09-19T11:00:14.230470+08:00"
"https://github.com/barry-far/V2ray-Configs/raw/main/Splitted-By-Protocol/trojan.txt",0,"2026-09-19T11:00:14.230470+08:00"
"https://github.com/Kwinshadow/TelegramV2rayCollector/raw/main/sublinks/b64mix.txt",58,"2026-09-19T11:00:14.230470+08:00"
"https://github.com/Kwinshadow/TelegramV2rayCollector/raw/main/sublinks/b64ss.txt",2,"2026-09-19T11:00:14.230470+08:00"
"https://github.com/Kwinshadow/TelegramV2rayCollector/raw/main/sublinks/b64vmess.txt",5,"2026-09-19T11:00:14.230470+08:00"
"https://github.com/Kwinshadow/TelegramV2rayCollector/raw/main/sublinks/b64vless.txt",48,"2026-09-19T11:00:14.230470+08:00"
"https://github.com/Kwinshadow/TelegramV2rayCollector/raw/main/sublinks/b64trojan.txt",3,"2026-09-19T11:00:14.230470+08:00"
"https://github.com/MrMohebi/xray-proxy-grabber-telegram/raw/master/collected-proxies/row-url/all.txt",0,"2026-09-19T11:00:14.230470+08:00"
"https://github.com/Alvin9999/new-pac/wiki/v2ray%E5%85%8D%E8%B4%B9%E8%B4%A6%E5%8F%B7",0,"2026-09-19T11:00:14.230470+08:00"
"https://github.com/Alvin9999/new-pac/wiki/ss%E5%85%8D%E8%B4%B9%E8%B4%A6%E5%8F%B7",0,"2026-09-19T11:00:14.230470+08:00"
"https://github.com/test21002050-spec/v2ray-merged/raw/refs/heads/main/merged.txt",1013,"2026-09-19T11:00:14.230470+08:00"
"https://github.com/LonUp/NodeList/raw/main/V2RAY/Latest_base64.txt",5,"2026-09-19T11:00:14.230470+08:00"
"https://github.com/Tenerome/v2ray/raw/main/res/23-05/2023-05-12",68,"2026-09-19T11:00:14.230470+08:00"
"https://github.com/Tenerome/v2ray/raw/main/res/23-05/2023-05-13",67,"2026-09-19T11:00:14.230470+08:00"
"https://github.com/theGreatPeter/v2rayNodes/raw/main/nodes.txt",1,"2026-09-19T11:00:14.230470+08:00"
"https://cdn.jsdelivr.net/gh/cry0ice/genode@main/public/all.txt",0,"2026-09-19T11:00:14.230470+08:00"
"https://cdn.jsdelivr.net/gh/cry0ice/genode@main/public/ss.txt",0,"2026-09-19T11:00:14.230470+08:00"
"https://cdn.jsdelivr.net/gh/cry0ice/genode@main/public/ssr.txt",0,"2026-09-19T11:00:14.230470+08:00"
"https://cdn.jsdelivr.net/gh/cry0ice/genode@main/public/vless.txt",0,"2026-09-19T11:00:14.230470+08:00"
"https://cdn.jsdelivr.net/gh/cry0ice/genode@main/public/vmess.txt",0,"2026-09-19T11:00:14.230470+08:00"
"https://cdn.jsdelivr.net/gh/cry0ice/genode@main/public/trojan.txt",0,"2026-09-19T11:00:14.230470+08:00"
"http://subxfxssr.xfxvpn.me/api/v1/client/subscribe?token=0d5306ab80abb3f2012edf9169f5f00a",0,"2026-09-19T11:00:14.230470+08:00"
"http://subxfxssr.xfxvpn.me/api/v1/client/subscribe?token=4a4d0189598386f07fd07b758caf07a8",0,"2026-09-19T11:00:14.230470+08:00"
"http://subxfxssr.xfxvpn.me/api/v1/client/subscribe?token=b96bab593efe4ceb68ae69e153ab8a49",0,"2026-09-19T11:00:14.230470+08:00"
"http://subxfxssr.xfxvpn.me/api/v1/client/subscribe?token=87f969d8db0c6686c5755b68a4bb44d0",0,"2026-09-19T11:00:14.230470+08:00"
"http://subxfxssr.xfxvpn.me/api/v1/client/subscribe?token=72d106079ec3134106e0dd093ddc1066",0,"2026-09-19T11:00:14.230470+08:00"
"http://subxfxssr.xfxvpn.me/api/v1/client/subscribe?token=f7dd7772a6a2d2879f1d27e5ad72e984",0,"2026-09-19T11:00:14.230470+08:00"
"http://subxfxssr.xfxvpn.me/api/v1/client/subscribe?token=4ce4cc4513e5d3ef87abc677a9f7951d",0,"2026-09-19T11:00:14.230470+08:00"
"http://subxfxssr.xfxvpn.me/api/v1/client/subscribe?token=6b67e83b516748e040bf75bfee8bc395",0,"2026-09-19T11:00:14.230470+08:00"
"http://subxfxssr.xfxvpn.me/api/v1/client/subscribe?token=b344d811746fd4e205ee140236652825",0,"2026-09-19T11:00:14.230470+08:00"
"http://subxfxssr.xfxvpn.me/api/v1/client/subscribe?token=a2674079883a41e7c86aba3a1b3e1f2c",0,"2026-09-19T11:00:14.230470+08:00"
"https://freessrnode.github.io/uploads/2024/08/0-20240822.txt",0,"2026-09-19T11:00:14.230470+08:00"
"https://freessrnode.github.io/uploads/2024/08/1-20240822.txt",0,"2026-09-19T11:00:14.230470+08:00"
"https://freessrnode.github.io/uploads/2024/08/2-20240822.txt",0,"2026-09-19T11:00:14.230470+08:00"
"https://freessrnode.github.io/uploads/2024/08/3-20240822.txt",0,"2026-09-19T11:00:14.230470+08:00"
"https://freessrnode.github.io/uploads/2024/08/4-20240822.txt",0,"2026-09-19T11:00:14.230470+08:00"
"https://v2rayshare.com/wp-content/uploads/2022/12/20221208.txt",0,"2026-09-19T11:00:14.230470+08:00"
"https://clashnode.com/wp-content/uploads/2023/03/20230310.txt",0,"2026-09-19T11:00:14.230470+08:00"
"https://9527521.xyz/config/lxB7k130djsSomFT",0,"2026-09-19T11:00:14.230470+08:00"
"https://raw.githubusercontent.com/Epodonios/bulk-xray-v2ray-vless-vmess-...-configs/main/sub/United%20States/config.txt",0,"2026-09-19T11:00:14.230470+08:00"
"https://raw.githubusercontent.com/Epodonios/bulk-xray-v2ray-vless-vmess-...-configs/main/sub/United%20Kingdom/config.txt",0,"2026-09-19T11:00:14.230470+08:00"
"https://raw.githubusercontent.com/Epodonios/bulk-xray-v2ray-vless-vmess-...-configs/main/sub/Germany/config.txt",0,"2026-09-19T11:00:14.230470+08:00"
"https://github.com/Epodonios/bulk-xray-v2ray-vless-vmess-...-configs/raw/main/sub/Iran/config.txt",0,"2026-09-19T11:00:14.230470+08:00"
"https://github.com/Epodonios/bulk-xray-v2ray-vless-vmess-...-configs/raw/main/sub/Finland/config.txt",0,"2026-09-19T11:00:14.230470+08:00"
"https://raw.githubusercontent.com/Epodonios/bulk-xray-v2ray-vless-vmess-...-configs/main/sub/Sweden/config.txt",0,"2026-09-19T11:00:14.230470+08:00"
"https://github.com/Epodonios/bulk-xray-v2ray-vless-vmess-...-configs/raw/main/sub/Norway/config.txt",0,"2026-09-19T11:00:14.230470+08:00"
"https://raw.githubusercontent.com/Epodonios/bulk-xray-v2ray-vless-vmess-...-configs/main/sub/France/config.txt",0,"2026-09-19T11:00:14.230470+08:00"
"https://raw.githubusercontent.com/Epodonios/bulk-xray-v2ray-vless-vmess-...-configs/main/sub/Ireland/config.txt",0,"2026-09-19T11:00:14.230470+08:00"
"https://raw.githubusercontent.com/Epodonios/bulk-xray-v2ray-vless-vmess-...-configs/main/sub/Canada/config.txt",0,"2026-09-19T11:00:14.230470+08:00"
"https://raw.githubusercontent.com/Epodonios/bulk-xray-v2ray-vless-vmess-...-configs/main/sub/Turkey/config.txt",0,"2026-09-19T11:00:14.230470+08:00"
"https://github.com/Epodonios/bulk-xray-v2ray-vless-vmess-...-configs/raw/main/sub/Albania/config.txt",0,"2026-09-19T11:00:14.230470+08:00"
"https://raw.githubusercontent.com/Epodonios/bulk-xray-v2ray-vless-vmess-...-configs/main/sub/Costa%20Rica/config.txt",0,"2026-09-19T11:00:14.230470+08:00"
"https://raw.githubusercontent.com/Epodonios/bulk-xray-v2ray-vless-vmess-...-configs/main/sub/Republic%20of%20Lithuania/config.txt",0,"2026-09-19T11:00:14.230470+08:00"
"https://github.com/Epodonios/bulk-xray-v2ray-vless-vmess-...-configs/raw/main/sub/Netherlands/config.txt",0,"2026-09-19T11:00:14.230470+08:00"
"https://raw.githubusercontent.com/Epodonios/bulk-xray-v2ray-vless-vmess-...-configs/main/sub/Indonesia/config.txt",0,"2026-09-19T11:00:14.230470+08:00"
"https://raw.githubusercontent.com/Epodonios/bulk-xray-v2ray-vless-vmess-...-configs/main/sub/Austria/config.txt",0,"2026-09-19T11:00:14.230470+08:00"
"https://github.com/Epodonios/bulk-xray-v2ray-vless-vmess-...-configs/raw/main/sub/Russia/config.txt",0,"2026-09-19T11:00:14.230470+08:00"
"https://github.com/Epodonios/bulk-xray-v2ray-vless-vmess-...-configs/raw/main/sub/Cura%C3%A7ao/config.txt",0,"2026-09-19T11:00:14.230470+08:00"
"https://raw.githubusercontent.com/Epodonios/bulk-xray-v2ray-vless-vmess-...-configs/main/sub/South%20Africa/config.txt",0,"2026-09-19T11:00:14.230470+08:00"
"https://raw.githubusercontent.com/Epodonios/bulk-xray-v2ray-vless-vmess-...-configs/main/sub/United%20Arab%20Emirates/config.txt",0,"2026-09-19T11:00:14.230470+08:00"
"https://raw.githubusercontent.com/soroushmirzaei/telegram-configs-collector/main/countries/jp/mixed",0,"2026-09-19T11:00:14.230470+08:00"
"https://lncn.org",0,"2026-09-19T11:00:14.230470+08:00"
"https://freefq.com",0,"2026-09-19T11:00:14.230470+08:00"
"https://free-ss.site",0,"2026-09-19T11:00:14.230470+08:00"
"https://proxypool.link",0,"2026-09-19T11:00:14.230470+08:00"
"https://clashgithub.com",0,"2026-09-19T11:00:14.230470+08:00"
"https://free.datiya.com",0,"2026-09-19T11:00:14.230470+08:00"
"https://ivuxy.tech/v.txt",0,"2026-09-19T11:00:14.230470+08:00"
"https://sub.pmsub.me/base64",0,"2026-09-19T11:00:14.230470+08:00"
"https://www.xrayvip.com/free.txt",49,"2026-09-19T11:00:14.230470+08:00"
"https://proxypool.link/clash/proxies",45,"2026-09-19T11:00:14.230470+08:00"
"https://ircfspace.github.io/tconfig/",0,"2026-09-19T11:00:14.230470+08:00"
"https://bitbucket.org/huwo1/proxy_nodes/src/main/",0,"2026-09-19T11:00:14.230470+08:00"
"https://raw.githubusercontent.com/TheSpeedX/PROXY-List/master/socks5.txt",0,"2026-09-19T11:00:14.230470+08:00"
"https://mirror.ghproxy.com/https://raw.githubusercontent.com/Barabama/FreeNodes/master/nodes/merged.txt",0,"2026-09-19T11:00:14.230470+08:00"
"https://mirror.ghproxy.com/https://raw.githubusercontent.com/Barabama/FreeNodes/master/nodes/nodefree.txt",0,"2026-09-19T11:00:14.230470+08:00"
"https://mirror.ghproxy.com/https://raw.githubusercontent.com/Barabama/FreeNodes/master/nodes/v2rayshare.txt",0,"2026-09-19T11:00:14.230470+08:00"
"https://mirror.ghproxy.com/https://raw.githubusercontent.com/Barabama/FreeNodes/master/nodes/wenode.txt",0,"2026-09-19T11:00:14.230470+08:00"
"https://mirror.ghproxy.com/https://raw.githubusercontent.com/Barabama/FreeNodes/master/nodes/kkzui.txt",0,"2026-09-19T11:00:14.230470+08:00"
"https://mirror.ghproxy.com/https://raw.githubusercontent.com/Barabama/FreeNodes/master/nodes/openrunner.txt",0,"2026-09-19T11:00:14.230470+08:00"
"https://mirror.ghproxy.com/https://raw.githubusercontent.com/Barabama/FreeNodes/master/nodes/halekj.txt",0,"2026-09-19T11:00:14.230470+08:00"
"https://mirror.ghproxy.com/https://raw.githubusercontent.com/Barabama/FreeNodes/master/nodes/blues.txt",0,"2026-09-19T11:00:14.230470+08:00"
"https://mirror.ghproxy.com/https://raw.githubusercontent.com/Barabama/FreeNodes/master/nodes/yudou66.txt",0,"2026-09-19T11:00:14.230470+08:00"
"https://sub123.71345.xyz/api/v1/client/subscribe?token=f0858ff0a06e3e5c377ab69522abc04d",0,"2026-09-19T11:00:14.230470+08:00"
"https://b3b0549e-160e-495a-a528-cccf5148bc48.372372.xyz/api/v1/client/subscribe?token=9635d08e4dae217abd53733ab127183d",0,"2026-09-19T11:00:14.230470+08:00"
"https://sub123.71345.xyz/api/v1/client/subscribe?token=67d0e817bbb631b2aa14bfe031334415",0,"2026-09-19T11:00:14.230470+08:00"
"https://sub123.71345.xyz/api/v1/client/subscribe?token=7eb7f9c181fe90a98a53d28b1a905b5d",0,"2026-09-19T11:00:14.230470+08:00"
"https://sub123.71345.xyz/api/v1/client/subscribe?token=95388132afab15570d496c96fe99474d",0,"2026-09-19T11:00:14.230470+08:00"
"https://sub123.71345.xyz/api/v1/client/subscribe?token=b34b2e4e8eeec829e368fd631b20fbd1",0,"2026-09-19T11:00:14.230470+08:00"
"https://sub123.71345.xyz/api/v1/client/subscribe?token=ba1d0c5044be749390ee0eb2e6af88e3",0,"2026-09-19T11:00:14.230470+08:00"
"https://www.yfjc.xyz/api/v1/client/subscribe?token=7cda8ee5472db4dcb6779955e4211996",0,"2026-09-19T11:00:14.230470+08:00"
"https://www.yfjc.xyz/api/v1/client/subscribe?token=7d9cb26c107f04ecd6fdec6644f810c9",0,"2026-09-19T11:00:14.230470+08:00"
"https://dd.csjc.win/api/v1/client/subscribe?token=5791161d7d526f6155f4b3cc5a15a162",0,"2026-09-19T11:00:14.230470+08:00"
"https://dy.smjc.top/api/v1/client/subscribe?token=c5b3cf0d6668c4a4f74c5a859ab41daa",0,"2026-09-19T11:00:14.230470+08:00"
"https://s1.byte16.com/api/v1/client/subscribe?token=feba159f3478ff8936f52a43d88aae8b",0,"2026-09-19T11:00:14.230470+08:00"
"https://api.xqc.best/api/v1/client/subscribe?token=d2b3434d2072026c1f7553f5616f34c7",0,"2026-09-19T11:00:14.230470+08:00"
"https://1st.sub-airport.com/api/v1/client/subscribe?token=5ef4ec7751819025fcba66de831dd380",0,"2026-09-19T11:00:14.230470+08:00"
"https://platform.djjc.cfd/api/v1/client/subscribe?token=8f2ada45a6cfe2f7e41b2a9fd6203e2c",0,"2026-09-19T11:00:14.230470+08:00"
"https://www.liesauer.net/yogurt/subscribe?ACCESS_TOKEN=DAYxR3mMaZAsaqUb",0,"2026-09-19T11:00:14.230470+08:00"
"https://clashnode.com/wp-content/uploads/2023/12/20231221.txt",0,"2026-09-19T11:00:14.230470+08:00"
"https://subscribe.suwas.xyz/api/v1/client/subscribe?",0,"2026-09-19T11:00:14.230470+08:00"
"https://github.com/wrfree/free/raw/main/ssr",0,"2026-09-19T11:00:14.230470+08:00"
"https://v2ray.neocities.org/v2ray.txt",0,"2026-09-19T11:00:14.230470+08:00"
"https://my.ishadowx.biz",0,"2026-09-19T11:00:14.230470+08:00"
"https://fforever.github.io/v2rayfree",4,"2026-09-19T11:00:14.230470+08:00"
"https://view.freev2ray.org/",0,"2026-09-19T11:00:14.230470+08:00"
"https://www.4spaces.org/free/",0,"2026-09-19T11:00:14.230470+08:00"
"https://fanqiang.network/free-v2ray",0,"2026-09-19T11:00:14.230470+08:00"
"https://www.youneed.win/free-ss",0,"2026-09-19T11:00:14.230470+08:00"
"https://www.freefq.com/free-ss/](https://www.freefq.com/free-ss/",0,"2026-09-19T11:00:14.230470+08:00"
"https://gfwglass.tk/ss/sub](https://gfwglass.tk/ss/sub",0,"2026-09-19T11:00:14.230470+08:00"
"https://www.freefq.com/v2ray/",0,"2026-09-19T11:00:14.230470+08:00"
"https://www.freess.best/v2ray.html",0,"2026-09-19T11:00:14.230470+08:00"
"https://www.freevpnnet.com",0,"2026-09-19T11:00:14.230470+08:00"
"https://shadow-socks-share.herokuapp.com",0,"2026-09-19T11:00:14.230470+08:00"
"https://www.freefq.com/free-ssr",0,"2026-09-19T11:00:14.230470+08:00"
"https://clash.221207.xyz/pubclashyaml",0,"2026-09-19T11:00:14.230470+08:00"
"https://nodefree.org/dy/2023/08/20230806.yaml",0,"2026-09-19T11:00:14.230470+08:00"
"https://cxsub.club/link/V3Th0AyWhutlptyH?clash=1",0,"2026-09-19T11:00:14.230470+08:00"
"https://sub.pmsub.me/clash.yaml",0,"2026-09-19T11:00:14.230470+08:00"
"https://tgscan.onrender.com/sub3",0,"2026-09-19T11:00:14.230470+08:00"
"https://tgscan.onrender.com/sub5",0,"2026-09-19T11:00:14.230470+08:00"
"https://tgscan.onrender.com/sub9/base64",0,"2026-09-19T11:00:14.230470+08:00"
"https://tgscan.onrender.com/sub10/base64",0,"2026-09-19T11:00:14.230470+08:00"
"https://sub.tgzdyz2.xyz/sub",0,"2026-09-19T11:00:14.230470+08:00"
"https://toshare.tosslk.xyz/RCbVccf",0,"2026-09-19T11:00:14.230470+08:00"
"https://ablnk.absslk.xyz/OcSPtpH",0,"2026-09-19T11:00:14.230470+08:00"
"https://freemc.mcsslk.xyz/lVyzvUQ",0,"2026-09-19T11:00:14.230470+08:00"
"https://youlianboshi.netlify.app",0,"2026-09-19T11:00:14.230470+08:00"
"https://hyt-allen-xu.netlify.app",4,"2026-09-19T11:00:14.230470+08:00"
"https://proxypool1999.banyunxiaoxi.icu/clash/proxies",81,"2026-09-19T11:00:14.230470+08:00"
"http://weoknow.com/data/dayupdate/1/z1.txt",44,"2026-09-19T11:00:14.230470+08:00"
"http://150.230.195.209:12580/clash/proxies",0,"2026-09-19T11:00:14.230470+08:00"
"http://155.248.172.106:12580/clash/proxies",0,"2026-09-19T11:00:14.230470+08:00"
"http://174.137.58.32:12580/clash/proxies",0,"2026-09-19T11:00:14.230470+08:00"
"http://175.178.182.178:12580/clash/proxies",0,"2026-09-19T11:00:14.230470+08:00"
"http://66.42.50.118:12580/clash/proxies",39,"2026-09-19T11:00:14.230470+08:00"
"http://104.168.244.47:12580/clash/proxies",0,"2026-09-19T11:00:14.230470+08:00"
"http://beetle.lander.work/clash/proxies",0,"2026-09-19T11:00:14.230470+08:00"
"https://clashe.eu.org/clash/proxies",0,"2026-09-19T11:00:14.230470+08:00"
"https://proxy.crazygeeky.com/clash/proxies",0,"2026-09-19T11:00:14.230470+08:00"
"https://proxy.fldhhhhhh.top/clash/proxies",0,"2026-09-19T11:00:14.230470+08:00"
"https://iwxf.netlify.app",2,"2026-09-19T11:00:14.230470+08:00"
"https://jiang.netlify.app",150,"2026-09-19T11:00:14.230470+08:00"
"https://vpnyyds.link/free",0,"2026-09-19T11:00:14.230470+08:00"
"https://itlao6.com/10962.html",0,"2026-09-19T11:00:14.230470+08:00"
"https://zfjvpn.gitbook.io/123",0,"2026-09-19T11:00:14.230470+08:00"
"https://muma16fx.netlify.app",5,"2026-09-19T11:00:14.230470+08:00"
"https://sub.diba.workers.dev",0,"2026-09-19T11:00:14.230470+08:00"
"https://0xerfan.github.io/v2ray/",0,"2026-09-19T11:00:14.230470+08:00"
"https://sub.sharecentre.online/sub&flag=clash",0,"2026-09-19T11:00:14.230470+08:00"
"https://timell.pages.dev/clash/proxies",0,"2026-09-19T11:00:14.230470+08:00"
"https://qiaomenzhuanfx.netlify.app",0,"2026-09-19T11:00:14.230470+08:00"
"https://nodefree.org/dy/2023/12/20231221.txt",0,"2026-09-19T11:00:14.230470+08:00"
"https://raw.fastgit.org/freefq/free/master/v2",0,"2026-09-19T11:00:14.230470+08:00"
"https://proxy.yiun.xyz/clash/proxies",0,"2026-09-19T11:00:14.230470+08:00"
"https://proxy.yugogo.xyz/clash/proxie",0,"2026-09-19T11:00:14.230470+08:00"
"https://pxypool.131433.xyz/clash/proxies",0,"2026-09-19T11:00:14.230470+08:00"
"https://pool.sagithome.com/clash/proxies",0,"2026-09-19T11:00:14.230470+08:00"
"https://laxcity.pages.dev/clash/proxies",0,"2026-09-19T11:00:14.230470+08:00"
"https://rvorch.treze.cc/clash/proxies",0,"2026-09-19T11:00:14.230470+08:00"
"https://free.dsdog.tk/clash/proxies",0,"2026-09-19T11:00:14.230470+08:00"
"https://free.jingfu.cf/clash/proxies",0,"2026-09-19T11:00:14.230470+08:00"
"https://free.iam7.tk/clash/proxies",0,"2026-09-19T11:00:14.230470+08:00"
"https://anaer.github.io/Sub/clash.yaml",0,"2026-09-19T11:00:14.230470+08:00"
"https://9527521.xyz/pubconfig/YCw0l6R3PoDbGFq5",0,"2026-09-19T11:00:14.230470+08:00"
"https://fetchjiedian.feisu360.xyz/clash/proxies",0,"2026-09-19T11:00:14.230470+08:00"
"http://47.94.205.252:8080/V2Cloud/getVmess",0,"2026-09-19T11:00:14.230470+08:00"
"haohaoxiong.myqnapcloud.com:12580/clash/proxies",0,"2026-09-19T11:00:14.230470+08:00"
"carterzheng.synology.me:8008/clash/proxies",0,"2026-09-19T11:00:14.230470+08:00"
"brovee.myds.me:12580/clash/proxies",0,"2026-09-19T11:00:14.230470+08:00"
"rot.9o9.top:880/clash/proxies",0,"2026-09-19T11:00:14.230470+08:00"
"150.230.251.224:12580/clash/proxies",0,"2026-09-19T11:00:14.230470+08:00"
"104.168.244.47:12580/clash/proxies",0,"2026-09-19T11:00:14.230470+08:00"
"123.57.192.169:7777/clash/proxies",0,"2026-09-19T11:00:14.230470+08:00"
"146.56.97.77:12580/clash/proxies",0,"2026-09-19T11:00:14.230470+08:00"
"https://ooooooo.vvvv.ee/O",300,"2026-09-19T11:00:14.230470+08:00"
"https://mxlsub.me/newfull",0,"2026-09-19T11:00:14.230470+08:00"
"https://igdux.top/5Hna",0,"2026-09-19T11:00:14.230470+08:00"
"https://gfwglass.tk",0,"2026-09-19T11:00:14.230470+08:00"
"https://github.com/Au1rxx/free-vpn-subscriptions/raw/main/assets/hero.png",0,"2026-09-19T11:00:14.230470+08:00"
"https://img.shields.io/github/stars/Au1rxx/free-vpn-subscriptions?style=flat&color=gold&logo=github",0,"2026-09-19T11:00:14.230470+08:00"
"https://github.com/Au1rxx/free-vpn-subscriptions/stargazers",0,"2026-09-19T11:00:14.230470+08:00"
"https://img.shields.io/badge/curated-2000-brightgreen",0,"2026-09-19T11:00:14.230470+08:00"
"https://img.shields.io/badge/verified-19720-blue",0,"2026-09-19T11:00:14.230470+08:00"
"https://img.shields.io/badge/median--rtt-438ms-orange",0,"2026-09-19T11:00:14.230470+08:00"
"https://img.shields.io/badge/php-3670A0?style=for-the-badge&logo=php&logoColor=ffdd54",0,"2026-09-19T11:00:14.230470+08:00"
"https://github.com/MhdiTaheri/V2rayCollector",0,"2026-09-19T11:00:14.230470+08:00"
"https://img.shields.io/badge/License-MIT-green?style=for-the-badge",0,"2026-09-19T11:00:14.230470+08:00"
"https://github.com/MhdiTaheri/V2rayCollector/blob/main/LICENSE",0,"2026-09-19T11:00:14.230470+08:00"
"https://img.shields.io/badge/php-%3E%3D7.0-blue?style=for-the-badge",0,"2026-09-19T11:00:14.230470+08:00"
"https://img.shields.io/github/stars/MhdiTaheri/V2rayCollector?style=for-the-badge",0,"2026-09-19T11:00:14.230470+08:00"
"https://github.com/MhdiTaheri/V2rayCollector/stargazers",0,"2026-09-19T11:00:14.230470+08:00"
"https://t.me/RKP_channel",0,"2026-09-19T11:00:14.230470+08:00"
"https://t.me/urlsources",0,"2026-09-19T11:00:14.230470+08:00"
"https://raw.githubusercontent.com/RKPchannel/RKP_bypass_configs/refs/heads/main/whitelist.txt",38,"2026-09-19T11:00:14.230470+08:00"
"https://raw.githubusercontent.com/RKPchannel/RKP_bypass_configs/refs/heads/main/whitelist.yaml",0,"2026-09-19T11:00:14.230470+08:00"
"https://raw.githubusercontent.com/RKPchannel/RKP_bypass_configs/refs/heads/main/blacklist.txt",215,"2026-09-19T11:00:14.230470+08:00"
"https://raw.githubusercontent.com/RKPchannel/RKP_bypass_configs/refs/heads/main/blacklist.yaml",0,"2026-09-19T11:00:14.230470+08:00"
"https://apps.apple.com/tr/app/anywhere-proxy/id6758235178",0,"2026-09-19T11:00:14.230470+08:00"
"https://github.com/appshubcc/Bettbox",0,"2026-09-19T11:00:14.230470+08:00"
"https://github.com/xchacha20-poly1305/husi",0,"2026-09-19T11:00:14.230470+08:00"
"https://github.com/Q7DF1/XrayFA",0,"2026-09-19T11:00:14.230470+08:00"
"https://github.com/chen08209/FlClash",0,"2026-09-19T11:00:14.230470+08:00"
"https://clashmi.app/download",0,"2026-09-19T11:00:14.230470+08:00"
"https://github.com/Asterisk4Magisk/AsteriskNG",0,"2026-09-19T11:00:14.230470+08:00"
"https://github.com/Leadaxe/LxBox",0,"2026-09-19T11:00:14.230470+08:00"
"https://github.com/pluralplay/FlClashX",0,"2026-09-19T11:00:14.230470+08:00"
"https://github.com/Omegaplexx/Happwner",0,"2026-09-19T11:00:14.230470+08:00"
"https://github.com/WINGS-N/WINGSV",0,"2026-09-19T11:00:14.230470+08:00"
"https://github.com/yanisplugg/olcvpn-client",0,"2026-09-19T11:00:14.230470+08:00"
"https://github.com/XeonDead/NetProxy-Magisk",0,"2026-09-19T11:00:14.230470+08:00"
"https://github.com/INCY-DEV/incy-platforms",0,"2026-09-19T11:00:14.230470+08:00"
"https://github.com/HatsuneMikuUwU/MikuBoxForAndroid",0,"2026-09-19T11:00:14.230470+08:00"
"https://4pda.to/forum/index.php?showtopic=1121122",0,"2026-09-19T11:00:14.230470+08:00"
"https://github.com/openlibrecommunity/olcng",0,"2026-09-19T11:00:14.230470+08:00"
"https://github.com/2dust/v2rayNG/releases",0,"2026-09-19T11:00:14.230470+08:00"
"https://hiddify.com",0,"2026-09-19T11:00:14.230470+08:00"
"https://github.com/dyhkwong/Exclave/releases",0,"2026-09-19T11:00:14.230470+08:00"
"https://karing.app",0,"2026-09-19T11:00:14.230470+08:00"
"https://yaenot.xyz",0,"2026-09-19T11:00:14.230470+08:00"
"https://github.com/Ohayo18/NekoBoxForAndroid/releases",0,"2026-09-19T11:00:14.230470+08:00"
"https://apps.apple.com/hr/app/v2box-v2ray-client/id6446814690",0,"2026-09-19T11:00:14.230470+08:00"
"https://play.google.com/store/apps/details?id=dev.hexasoftware.v2box",0,"2026-09-19T11:00:14.230470+08:00"
"https://github.com/Happ-proxy",0,"2026-09-19T11:00:14.230470+08:00"
"https://apps.apple.com/tr/app/everywhere-proxy/id6766003090",0,"2026-09-19T11:00:14.230470+08:00"
"https://apps.apple.com/tr/app/nextin/id6754002454",0,"2026-09-19T11:00:14.230470+08:00"
"https://apps.apple.com/tr/app/shadowrocket/id932747118",0,"2026-09-19T11:00:14.230470+08:00"
"https://apps.apple.com/it/app/streisand/id6450534064",0,"2026-09-19T11:00:14.230470+08:00"
"https://github.com/snakem982/Pandora-Box",0,"2026-09-19T11:00:14.230470+08:00"
"https://github.com/mihomo-party-org/clash-party",0,"2026-09-19T11:00:14.230470+08:00"
"https://github.com/qr243vbi/nekobox",1,"2026-09-19T11:00:14.230470+08:00"
"https://github.com/artem4150/VeilBox",0,"2026-09-19T11:00:14.230470+08:00"
"https://github.com/2dust/v2rayN/releases",0,"2026-09-19T11:00:14.230470+08:00"
"https://github.com/clash-verge-rev/clash-verge-rev",0,"2026-09-19T11:00:14.230470+08:00"
"https://github.com/bepass-org/oblivion-desktop",0,"2026-09-19T11:00:14.230470+08:00"
"https://github.com/Leadaxe/singbox-launcher",0,"2026-09-19T11:00:14.230470+08:00"
"https://github.com/821869798/carton",0,"2026-09-19T11:00:14.230470+08:00"
"https://github.com/Tawreos228/Kitsune-Connect",0,"2026-09-19T11:00:14.230470+08:00"
"https://github.com/Hayashi-xz/NeonV",0,"2026-09-19T11:00:14.230470+08:00"
"https://github.com/throneproj/Throne",0,"2026-09-19T11:00:14.230470+08:00"
"https://github.com/STBobcat/Bobcat-Proxy-xray",0,"2026-09-19T11:00:14.230470+08:00"
"https://www.gstatic.com/generate_204",0,"2026-09-19T11:00:14.230470+08:00"
"https://my.telegram.org",0,"2026-09-19T11:00:14.230470+08:00"
"https://img.shields.io/github/last-commit/MhdiTaheri/V2rayCollector?style=for-the-badge",0,"2026-09-19T11:00:14.230470+08:00"
"https://img.shields.io/github/issues/MhdiTaheri/V2rayCollector?style=for-the-badge",0,"2026-09-19T11:00:14.230470+08:00"
"https://raw.githubusercontent.com/MhdiTaheri/V2rayCollector/main/sub/trojan",25,"2026-09-19T11:00:14.230470+08:00"
"https://raw.githubusercontent.com/MhdiTaheri/V2rayCollector/main/sub/tuic",0,"2026-09-19T11:00:14.230470+08:00"
"https://raw.githubusercontent.com/MhdiTaheri/V2rayCollector/main/sub/hysteria",0,"2026-09-19T11:00:14.230470+08:00"
"https://raw.githubusercontent.com/MhdiTaheri/V2rayCollector/main/sub/vlessbase64",245,"2026-09-19T11:00:14.230470+08:00"
"https://raw.githubusercontent.com/MhdiTaheri/V2rayCollector/main/sub/vmessbase64",29,"2026-09-19T11:00:14.230470+08:00"
"https://raw.githubusercontent.com/MhdiTaheri/V2rayCollector/main/sub/mixbase64",335,"2026-09-19T11:00:14.230470+08:00"
"https://t.me/s/MsV2ray",0,"2026-09-19T11:00:14.230470+08:00"
"https://t.me/s/foxrayiran",0,"2026-09-19T11:00:14.230470+08:00"
"https://t.me/s/DailyV2RY",0,"2026-09-19T11:00:14.230470+08:00"
"https://t.me/s/yaney_01",0,"2026-09-19T11:00:14.230470+08:00"
"https://t.me/s/FreakConfig",0,"2026-09-19T11:00:14.230470+08:00"
"https://t.me/s/EliV2ray",0,"2026-09-19T11:00:14.230470+08:00"
"https://t.me/s/ServerNett",0,"2026-09-19T11:00:14.230470+08:00"
"https://t.me/s/proxystore11",0,"2026-09-19T11:00:14.230470+08:00"
"https://t.me/s/v2rayng_fa2",0,"2026-09-19T11:00:14.230470+08:00"
"https://t.me/s/v2rayng_org",0,"2026-09-19T11:00:14.230470+08:00"
"https://t.me/s/V2rayNGvpni",0,"2026-09-19T11:00:14.230470+08:00"
"https://t.me/s/custom_14",0,"2026-09-19T11:00:14.230470+08:00"
"https://t.me/s/v2rayNG_VPNN",0,"2026-09-19T11:00:14.230470+08:00"
"https://t.me/s/v2ray_outlineir",0,"2026-09-19T11:00:14.230470+08:00"
"https://t.me/s/v2_vmess",0,"2026-09-19T11:00:14.230470+08:00"
"https://t.me/s/FreeVlessVpn",0,"2026-09-19T11:00:14.230470+08:00"
"https://t.me/s/vmess_vless_v2rayng",0,"2026-09-19T11:00:14.230470+08:00"
"https://t.me/s/PrivateVPNs",0,"2026-09-19T11:00:14.230470+08:00"
"https://t.me/s/freeland8",0,"2026-09-19T11:00:14.230470+08:00"
"https://t.me/s/vmessiran",0,"2026-09-19T11:00:14.230470+08:00"
"https://t.me/s/Outline_Vpn",0,"2026-09-19T11:00:14.230470+08:00"
"https://t.me/s/vmessq",0,"2026-09-19T11:00:14.230470+08:00"
"https://t.me/s/WeePeeN",0,"2026-09-19T11:00:14.230470+08:00"
"https://t.me/s/V2rayNG3",0,"2026-09-19T11:00:14.230470+08:00"
"https://t.me/s/ShadowsocksM",0,"2026-09-19T11:00:14.230470+08:00"
"https://t.me/s/shadowsocksshop",0,"2026-09-19T11:00:14.230470+08:00"
"https://t.me/s/v2rayan",0,"2026-09-19T11:00:14.230470+08:00"
"https://t.me/s/ShadowSocks_s",0,"2026-09-19T11:00:14.230470+08:00"
"https://t.me/s/VmessProtocol",0,"2026-09-19T11:00:14.230470+08:00"
"https://t.me/s/napsternetv_config",0,"2026-09-19T11:00:14.230470+08:00"
"https://t.me/s/Easy_Free_VPN",0,"2026-09-19T11:00:14.230470+08:00"
"https://t.me/s/V2Ray_FreedomIran",0,"2026-09-19T11:00:14.230470+08:00"
"https://t.me/s/V2RAY_VMESS_free",0,"2026-09-19T11:00:14.230470+08:00"
"https://t.me/s/v2ray_for_free",0,"2026-09-19T11:00:14.230470+08:00"
"https://t.me/s/V2rayN_Free",0,"2026-09-19T11:00:14.230470+08:00"
"https://t.me/s/free4allVPN",0,"2026-09-19T11:00:14.230470+08:00"
"https://t.me/s/vpn_ocean",0,"2026-09-19T11:00:14.230470+08:00"
"https://t.me/s/configV2rayForFree",0,"2026-09-19T11:00:14.230470+08:00"
"https://t.me/s/FreeV2rays",0,"2026-09-19T11:00:14.230470+08:00"
"https://t.me/s/DigiV2ray",0,"2026-09-19T11:00:14.230470+08:00"
"https://t.me/s/v2rayNG_VPN",0,"2026-09-19T11:00:14.230470+08:00"
"https://t.me/s/freev2rayssr",0,"2026-09-19T11:00:14.230470+08:00"
"https://t.me/s/v2rayn_server",0,"2026-09-19T11:00:14.230470+08:00"
"https://t.me/s/Shadowlinkserverr",0,"2026-09-19T11:00:14.230470+08:00"
"https://t.me/s/iranvpnet",0,"2026-09-19T11:00:14.230470+08:00"
"https://t.me/s/vmess_iran",0,"2026-09-19T11:00:14.230470+08:00"
"https://t.me/s/mahsaamoon1",0,"2026-09-19T11:00:14.230470+08:00"
"https://t.me/s/V2RAY_NEW",0,"2026-09-19T11:00:14.230470+08:00"
"https://t.me/s/v2RayChannel",0,"2026-09-19T11:00:14.230470+08:00"
"https://t.me/s/configV2rayNG",0,"2026-09-19T11:00:14.230470+08:00"
"https://t.me/s/config_v2ray",0,"2026-09-19T11:00:14.230470+08:00"
"https://t.me/s/vpn_proxy_custom",0,"2026-09-19T11:00:14.230470+08:00"
"https://t.me/s/vpnmasi",0,"2026-09-19T11:00:14.230470+08:00"
"https://t.me/s/v2ray_custom",0,"2026-09-19T11:00:14.230470+08:00"
"https://t.me/s/VPNCUSTOMIZE",0,"2026-09-19T11:00:14.230470+08:00"
"https://t.me/s/HTTPCustomLand",0,"2026-09-19T11:00:14.230470+08:00"
"https://t.me/s/ViPVpn_v2ray",0,"2026-09-19T11:00:14.230470+08:00"
"https://t.me/s/FreeNet1500",0,"2026-09-19T11:00:14.230470+08:00"
"https://t.me/s/v2ray_ar",0,"2026-09-19T11:00:14.230470+08:00"
"https://t.me/s/beta_v2ray",0,"2026-09-19T11:00:14.230470+08:00"
"https://t.me/s/vip_vpn_2022",0,"2026-09-19T11:00:14.230470+08:00"
"https://t.me/s/FOX_VPN66",0,"2026-09-19T11:00:14.230470+08:00"
"https://t.me/s/VorTexIRN",0,"2026-09-19T11:00:14.230470+08:00"
"https://t.me/s/YtTe3la",0,"2026-09-19T11:00:14.230470+08:00"
"https://t.me/s/V2RayOxygen",0,"2026-09-19T11:00:14.230470+08:00"
"https://t.me/s/Network_442",0,"2026-09-19T11:00:14.230470+08:00"
"https://t.me/s/VPN_443",0,"2026-09-19T11:00:14.230470+08:00"
"https://t.me/s/v2rayng_v",0,"2026-09-19T11:00:14.230470+08:00"
"https://t.me/s/ultrasurf_12",0,"2026-09-19T11:00:14.230470+08:00"
"https://t.me/s/iSeqaro",0,"2026-09-19T11:00:14.230470+08:00"
"https://t.me/s/frev2rayng",0,"2026-09-19T11:00:14.230470+08:00"
"https://t.me/s/frev2ray",0,"2026-09-19T11:00:14.230470+08:00"
"https://t.me/s/Awlix_ir",0,"2026-09-19T11:00:14.230470+08:00"
"https://t.me/s/v2rayngvpn",0,"2026-09-19T11:00:14.230470+08:00"
"https://t.me/s/God_CONFIG",0,"2026-09-19T11:00:14.230470+08:00"
"https://t.me/s/Configforvpn01",0,"2026-09-19T11:00:14.230470+08:00"
"https://t.me/s/inikotesla",0,"2026-09-19T11:00:14.230470+08:00"
"https://t.me/s/forwardv2ray",0,"2026-09-19T11:00:14.230470+08:00"
"https://t.me/s/ParsRoute",0,"2026-09-19T11:00:14.230470+08:00"
"https://t.me/s/TUICity",0,"2026-09-19T11:00:14.230470+08:00"
"https://starchart.cc/MhdiTaheri/V2rayCollector.svg?variant=adaptive",0,"2026-09-19T11:00:14.230470+08:00"
"https://starchart.cc/MhdiTaheri/V2rayCollector",0,"2026-09-19T11:00:14.230470+08:00"
"https://img.shields.io/badge/updated-2026-09-18_07:09_UTC-informational",0,"2026-09-19T11:00:14.230470+08:00"
"https://img.shields.io/github/license/Au1rxx/free-vpn-subscriptions?color=blue",0,"2026-09-19T11:00:14.230470+08:00"
"https://github.com/Au1rxx/free-vpn-subscriptions/blob/main/LICENSE",0,"2026-09-19T11:00:14.230470+08:00"
"https://github.com/Au1rxx/free-vpn-subscriptions/raw/main/output/singbox.json",362,"2026-09-19T11:00:14.230470+08:00"
"https://github.com/Au1rxx/free-vpn-subscriptions/tree/main/output",0,"2026-09-19T11:00:14.230470+08:00"
"https://raw.githubusercontent.com/Maskkost93/kizyak-vpn-4.0/refs/heads/main/kizyakbeta7.txt",49,"2026-09-19T11:00:14.230470+08:00"
"https://raw.githubusercontent.com/Maskkost93/kizyak-vpn-4.0/refs/heads/main/kizyakbeta6.txt",14,"2026-09-19T11:00:14.230470+08:00"
"https://raw.githubusercontent.com/Maskkost93/kizyak-vpn-4.0/refs/heads/main/kizyakbeta6BL.txt",78,"2026-09-19T11:00:14.230470+08:00"
"https://github.com/Au1rxx/free-vpn-subscriptions/raw/main/output/by-country/clash-JP.yaml",0,"2026-09-19T11:00:14.230470+08:00"
"https://github.com/Au1rxx/free-vpn-subscriptions/raw/main/output/by-country/singbox-JP.json",82,"2026-09-19T11:00:14.230470+08:00"
"https://github.com/Au1rxx/free-vpn-subscriptions/raw/main/output/by-country/v2ray-base64-JP.txt",82,"2026-09-19T11:00:14.230470+08:00"
"https://github.com/Au1rxx/free-vpn-subscriptions/raw/main/output/by-country/clash-US.yaml",0,"2026-09-19T11:00:14.230470+08:00"
"https://github.com/Au1rxx/free-vpn-subscriptions/raw/main/output/by-country/singbox-US.json",78,"2026-09-19T11:00:14.230470+08:00"
"https://github.com/Au1rxx/free-vpn-subscriptions/raw/main/output/by-country/v2ray-base64-US.txt",78,"2026-09-19T11:00:14.230470+08:00"
"https://github.com/Au1rxx/free-vpn-subscriptions/raw/main/output/by-country/clash-NL.yaml",0,"2026-09-19T11:00:14.230470+08:00"
"https://github.com/Au1rxx/free-vpn-subscriptions/raw/main/output/by-country/singbox-NL.json",28,"2026-09-19T11:00:14.230470+08:00"
"https://github.com/Au1rxx/free-vpn-subscriptions/raw/main/output/by-country/v2ray-base64-NL.txt",28,"2026-09-19T11:00:14.230470+08:00"
"https://github.com/Au1rxx/free-vpn-subscriptions/raw/main/output/by-country/clash-TW.yaml",0,"2026-09-19T11:00:14.230470+08:00"
"https://github.com/Au1rxx/free-vpn-subscriptions/raw/main/output/by-country/singbox-TW.json",18,"2026-09-19T11:00:14.230470+08:00"
"https://github.com/Au1rxx/free-vpn-subscriptions/raw/main/output/by-country/v2ray-base64-TW.txt",18,"2026-09-19T11:00:14.230470+08:00"
"https://github.com/Au1rxx/free-vpn-subscriptions/raw/main/output/by-country/clash-HK.yaml",0,"2026-09-19T11:00:14.230470+08:00"
"https://github.com/Au1rxx/free-vpn-subscriptions/raw/main/output/by-country/singbox-HK.json",12,"2026-09-19T11:00:14.230470+08:00"
"https://github.com/Au1rxx/free-vpn-subscriptions/raw/main/output/by-country/v2ray-base64-HK.txt",12,"2026-09-19T11:00:14.230470+08:00"
"https://github.com/Au1rxx/free-vpn-subscriptions/raw/main/output/by-country/clash-SG.yaml",0,"2026-09-19T11:00:14.230470+08:00"
"https://github.com/Au1rxx/free-vpn-subscriptions/raw/main/output/by-country/singbox-SG.json",27,"2026-09-19T11:00:14.230470+08:00"
"https://github.com/Au1rxx/free-vpn-subscriptions/raw/main/output/by-country/v2ray-base64-SG.txt",27,"2026-09-19T11:00:14.230470+08:00"
"https://github.com/Au1rxx/free-vpn-subscriptions/raw/main/output/by-country/clash-KR.yaml",0,"2026-09-19T11:00:14.230470+08:00"
"https://github.com/Au1rxx/free-vpn-subscriptions/raw/main/output/by-country/singbox-KR.json",13,"2026-09-19T11:00:14.230470+08:00"
"https://github.com/Au1rxx/free-vpn-subscriptions/raw/main/output/by-country/v2ray-base64-KR.txt",13,"2026-09-19T11:00:14.230470+08:00"
"https://github.com/Au1rxx/free-vpn-subscriptions/raw/main/output/by-country/clash-IN.yaml",0,"2026-09-19T11:00:14.230470+08:00"
"https://github.com/Au1rxx/free-vpn-subscriptions/raw/main/output/by-country/singbox-IN.json",7,"2026-09-19T11:00:14.230470+08:00"
"https://github.com/Au1rxx/free-vpn-subscriptions/raw/main/output/by-country/v2ray-base64-IN.txt",7,"2026-09-19T11:00:14.230470+08:00"
"https://github.com/Au1rxx/free-vpn-subscriptions/raw/main/output/by-country/clash-CA.yaml",0,"2026-09-19T11:00:14.230470+08:00"
"https://github.com/Au1rxx/free-vpn-subscriptions/raw/main/output/by-country/singbox-CA.json",12,"2026-09-19T11:00:14.230470+08:00"
"https://github.com/Au1rxx/free-vpn-subscriptions/raw/main/output/by-country/v2ray-base64-CA.txt",12,"2026-09-19T11:00:14.230470+08:00"
"https://github.com/Au1rxx/free-vpn-subscriptions/raw/main/output/by-country/clash-DE.yaml",0,"2026-09-19T11:00:14.230470+08:00"
"https://github.com/Au1rxx/free-vpn-subscriptions/raw/main/output/by-country/singbox-DE.json",24,"2026-09-19T11:00:14.230470+08:00"
"https://github.com/Au1rxx/free-vpn-subscriptions/raw/main/output/by-country/v2ray-base64-DE.txt",24,"2026-09-19T11:00:14.230470+08:00"
"https://github.com/Au1rxx/free-vpn-subscriptions/raw/main/output/by-country/clash-GB.yaml",0,"2026-09-19T11:00:14.230470+08:00"
"https://github.com/Au1rxx/free-vpn-subscriptions/raw/main/output/by-country/singbox-GB.json",10,"2026-09-19T11:00:14.230470+08:00"
"https://github.com/Au1rxx/free-vpn-subscriptions/raw/main/output/by-country/v2ray-base64-GB.txt",10,"2026-09-19T11:00:14.230470+08:00"
"https://github.com/Au1rxx/free-vpn-subscriptions/raw/main/output/by-country/clash-FR.yaml",0,"2026-09-19T11:00:14.230470+08:00"
"https://github.com/Au1rxx/free-vpn-subscriptions/raw/main/output/by-country/singbox-FR.json",11,"2026-09-19T11:00:14.230470+08:00"
"https://github.com/Au1rxx/free-vpn-subscriptions/raw/main/output/by-country/v2ray-base64-FR.txt",11,"2026-09-19T11:00:14.230470+08:00"
"https://github.com/Au1rxx/free-vpn-subscriptions/raw/main/output/by-country/clash-PL.yaml",0,"2026-09-19T11:00:14.230470+08:00"
"https://github.com/Au1rxx/free-vpn-subscriptions/raw/main/output/by-country/singbox-PL.json",7,"2026-09-19T11:00:14.230470+08:00"
"https://github.com/Au1rxx/free-vpn-subscriptions/raw/main/output/by-country/v2ray-base64-PL.txt",7,"2026-09-19T11:00:14.230470+08:00"
"https://github.com/Au1rxx/free-vpn-subscriptions/raw/main/output/by-country/clash-RO.yaml",0,"2026-09-19T11:00:14.230470+08:00"
"https://github.com/Au1rxx/free-vpn-subscriptions/raw/main/output/by-country/singbox-RO.json",3,"2026-09-19T11:00:14.230470+08:00"
"https://github.com/Au1rxx/free-vpn-subscriptions/raw/main/output/by-country/v2ray-base64-RO.txt",3,"2026-09-19T11:00:14.230470+08:00"
"https://github.com/Au1rxx/free-vpn-subscriptions/raw/main/output/by-country/clash-AU.yaml",0,"2026-09-19T11:00:14.230470+08:00"
"https://github.com/Au1rxx/free-vpn-subscriptions/raw/main/output/by-country/singbox-AU.json",3,"2026-09-19T11:00:14.230470+08:00"
"https://github.com/Au1rxx/free-vpn-subscriptions/raw/main/output/by-country/v2ray-base64-AU.txt",3,"2026-09-19T11:00:14.230470+08:00"
"https://github.com/Au1rxx/free-vpn-subscriptions/raw/main/output/by-country/clash-ES.yaml",0,"2026-09-19T11:00:14.230470+08:00"
"https://github.com/Au1rxx/free-vpn-subscriptions/raw/main/output/by-country/singbox-ES.json",4,"2026-09-19T11:00:14.230470+08:00"
"https://github.com/Au1rxx/free-vpn-subscriptions/raw/main/output/by-country/v2ray-base64-ES.txt",4,"2026-09-19T11:00:14.230470+08:00"
"https://github.com/Au1rxx/free-vpn-subscriptions/raw/main/output/by-country/clash-EE.yaml",0,"2026-09-19T11:00:14.230470+08:00"
"https://github.com/Au1rxx/free-vpn-subscriptions/raw/main/output/by-country/singbox-EE.json",2,"2026-09-19T11:00:14.230470+08:00"
"https://github.com/Au1rxx/free-vpn-subscriptions/raw/main/output/by-country/v2ray-base64-EE.txt",2,"2026-09-19T11:00:14.230470+08:00"
"https://github.com/Au1rxx/free-vpn-subscriptions/raw/main/output/by-country/clash-RU.yaml",0,"2026-09-19T11:00:14.230470+08:00"
"https://github.com/Au1rxx/free-vpn-subscriptions/raw/main/output/by-country/singbox-RU.json",3,"2026-09-19T11:00:14.230470+08:00"
"https://github.com/Au1rxx/free-vpn-subscriptions/raw/main/output/by-country/v2ray-base64-RU.txt",3,"2026-09-19T11:00:14.230470+08:00"
"https://github.com/Au1rxx/free-vpn-subscriptions/raw/main/output/by-country/clash-SE.yaml",0,"2026-09-19T11:00:14.230470+08:00"
"https://github.com/Au1rxx/free-vpn-subscriptions/raw/main/output/by-country/singbox-SE.json",0,"2026-09-19T11:00:14.230470+08:00"
"https://github.com/Au1rxx/free-vpn-subscriptions/raw/main/output/by-country/v2ray-base64-SE.txt",0,"2026-09-19T11:00:14.230470+08:00"
"https://au1rxx.github.io/free-vpn-subscriptions/guides/clash-verge.html",0,"2026-09-19T11:00:14.230470+08:00"
"https://au1rxx.github.io/free-vpn-subscriptions/guides/v2rayng.html",0,"2026-09-19T11:00:14.230470+08:00"
"https://au1rxx.github.io/free-vpn-subscriptions/guides/shadowrocket.html",0,"2026-09-19T11:00:14.230470+08:00"
"https://au1rxx.github.io/free-vpn-subscriptions/guides/sing-box.html",0,"2026-09-19T11:00:14.230470+08:00"
"https://github.com/Au1rxx/free-vpn-subscriptions/raw/main/assets/star-history.svg",0,"2026-09-19T11:00:14.230470+08:00"
"https://raw.githubusercontent.com/liketolivefree/kobabi/main/sub_all.txt#like",4319,"2026-09-19T11:00:14.230470+08:00"
"https://raw.githubusercontent.com/qjlxg/one/refs/heads/main/nodes_list.txt",472,"2026-09-19T11:00:14.230470+08:00"
"https://raw.githubusercontent.com/itsyebekhe/PSG/main/lite/subscriptions/xray/cdn.b64",27,"2026-09-19T11:00:14.230470+08:00"
"https://raw.githubusercontent.com/itsyebekhe/PSG/main/subscriptions/xray/cdn.b64",27,"2026-09-19T11:00:14.230470+08:00"
"https://raw.githubusercontent.com/v2rayNplus/v2rayNplus.github.io/main/configs.txt#v2rayNplus",1252,"2026-09-19T11:00:14.230470+08:00"
"https://raw.githubusercontent.com/qjlxg/one/refs/heads/main/nodes.txt",57,"2026-09-19T11:00:14.230470+08:00"
"https://gist.githubusercontent.com/hermes659/9ac613aaad1337ba8a271c45126ecab8/raw/6823f72799f41d24b1e90fb3753b6ddc1fc40663/github_openclash_nodes.yaml",0,"2026-09-19T11:00:14.230470+08:00"
"https://raw.githubusercontent.com/qjlxg/K8/refs/heads/main/all_nodes.txt",679,"2026-09-19T11:00:14.230470+08:00"
"https://alienvpn402.github.io/AlienVPN402-subscribe-servers-sing-box/",488,"2026-09-19T11:00:14.230470+08:00"
"https://raw.githubusercontent.com/qjlxg/an_e/refs/heads/main/all_collected.txt",396,"2026-09-19T11:00:14.230470+08:00"
"https://raw.githubusercontent.com/ByeWhiteLists/ByeWhiteLists2/refs/heads/main/ByeWhiteLists2.txt",123,"2026-09-19T11:00:14.230470+08:00"
"https://raw.githubusercontent.com/AlienVPN402/Clash-Subscribe/main/index.html",566,"2026-09-19T11:00:14.230470+08:00"
"https://raw.githubusercontent.com/10ium/free-config/refs/heads/main/HighSpeed.txt",163,"2026-09-19T11:00:14.230470+08:00"
"https://raw.githubusercontent.com/hvwin8/autojiedian/master/clash.yaml",0,"2026-09-19T11:00:14.230470+08:00"
"https://raw.githubusercontent.com/v2rayNplus/v2rayNplus.github.io/main/v2rayNplus.txt#v2rayNplus",143,"2026-09-19T11:00:14.230470+08:00"
"https://raw.githubusercontent.com/iampedii/whitedns-sub/refs/heads/main/base64.txt",214,"2026-09-19T11:00:14.230470+08:00"
"https://raw.githubusercontent.com/v2rayCrow/FreeConfig/main/359config%40v2rayCrow.txt",112,"2026-09-19T11:00:14.230470+08:00"
"https://raw.githubusercontent.com/iampedii/whitedns-sub/refs/heads/main/mihomo.yaml",0,"2026-09-19T11:00:14.230470+08:00"
"https://raw.githubusercontent.com/v2rayCrow/FreeConfig/main/335config%40v2rayCrow.txt#v2rayCrow",0,"2026-09-19T11:00:14.230470+08:00"
"https://raw.githubusercontent.com/arshiacomplus/v2rayExtractor/refs/heads/main/mix/sub.html",172,"2026-09-19T11:00:14.230470+08:00"
"https://raw.githubusercontent.com/itsyebekhe/PSG/main/subscriptions/xray/mix.b64",143,"2026-09-19T11:00:14.230470+08:00"
"https://subrostunnel.vercel.app/gen.txt",77,"2026-09-19T11:00:14.230470+08:00"
"https://raw.githubusercontent.com/mraliasadi8831/Subscription-/main/profiles.txt",231,"2026-09-19T11:00:14.230470+08:00"
"https://raw.githubusercontent.com/itsyebekhe/PSG/main/subscriptions/xray/vless.b64",116,"2026-09-19T11:00:14.230470+08:00"
"https://node.freeclashnode.com/uploads/2026/07/0-20260717.txt",143,"2026-09-19T11:00:14.230470+08:00"
"https://raw.githubusercontent.com/therealaleph/Iran-configs/refs/heads/main/ir_configs.txt",112,"2026-09-19T11:00:14.230470+08:00"
"https://raw.githubusercontent.com/v2rayCrow/FreeConfig/refs/heads/main/215config%40v2rayCrow.txt#v2rayCrow",85,"2026-09-19T11:00:14.230470+08:00"
"https://raw.githubusercontent.com/ermaozi/get_subscribe/main/subscribe/v2ray.txt",113,"2026-09-19T11:00:14.230470+08:00"
"https://raw.githubusercontent.com/4n0nymou3/multi-proxy-config-fetcher/refs/heads/main/configs/proxy_configs.txt?s=09#Anonymous-Multi",115,"2026-09-19T11:00:14.230470+08:00"
"https://raw.githubusercontent.com/mahdibland/ShadowsocksAggregator/master/Eternity.txt",73,"2026-09-19T11:00:14.230470+08:00"
"https://raw.githubusercontent.com/itsyebekhe/PSG/main/subscriptions/xray/vless_ipv4.b64",116,"2026-09-19T11:00:14.230470+08:00"
"https://node.freeclashnode.com/uploads/2026/07/2-20260717.txt",100,"2026-09-19T11:00:14.230470+08:00"
"https://raw.githubusercontent.com/itsyebekhe/PSG/main/lite/subscriptions/xray/mix.b64",82,"2026-09-19T11:00:14.230470+08:00"
"https://gist.githubusercontent.com/anaer/f0ba4dda0c0e106c9497bad193d9d3d9/raw/194f94b9349b2fafa7e02289eb9194c02ae190dc/All.yaml",0,"2026-09-19T11:00:14.230470+08:00"
"https://node.freeclashnode.com/uploads/2026/07/1-20260717.txt",81,"2026-09-19T11:00:14.230470+08:00"
"https://raw.githubusercontent.com/roosterkid/openproxylist/main/V2RAY_BASE64.txt?s=09#V2RAY_BASE64",121,"2026-09-19T11:00:14.230470+08:00"
"https://raw.githubusercontent.com/itsyebekhe/PSG/main/lite/subscriptions/xray/vless.b64",70,"2026-09-19T11:00:14.230470+08:00"
"https://node.freeclashnode.com/uploads/2026/07/1-20260717.yaml",0,"2026-09-19T11:00:14.230470+08:00"
"https://raw.githubusercontent.com/igareck/vpn-configs-for-russia/refs/heads/main/BLACK_VLESS_RUS_mobile.txt",43,"2026-09-19T11:00:14.230470+08:00"
"https://app.sublink.works/x/XUpeVWf",45,"2026-09-19T11:00:14.230470+08:00"
"https://app.sublink.works/c/XUpeVWf",0,"2026-09-19T11:00:14.230470+08:00"
"https://gist.githubusercontent.com/lzj05/c7a3615e1fd9ccdd4a9a5caf853d6d54/raw/60226ff285d09851a345307b10c96ac8b14dfd82/all.yaml",0,"2026-09-19T11:00:14.230470+08:00"
"https://raw.githubusercontent.com/Mosifree/-FREE2CONFIG/refs/heads/main/Reality",54,"2026-09-19T11:00:14.230470+08:00"
"https://raw.githubusercontent.com/Mosifree/-FREE2CONFIG/refs/heads/main/Clash_Reality",54,"2026-09-19T11:00:14.230470+08:00"
"https://raw.githubusercontent.com/sakha1370/OpenRay/refs/heads/main/output_iran/iran_top100_checked.txt",26,"2026-09-19T11:00:14.230470+08:00"
"https://raw.githubusercontent.com/itsyebekhe/PSG/main/lite/subscriptions/xray/vless_ipv4.b64",70,"2026-09-19T11:00:14.230470+08:00"
"https://gist.githubusercontent.com/frederick1986/18134e1b4316a3257a9548bf678d6ac3/raw/72c4c85dd5aa07c091e5163598c83181cca99c59/mihomo.yaml",0,"2026-09-19T11:00:14.230470+08:00"
"https://raw.githubusercontent.com/itsyebekhe/PSG/main/subscriptions/xray/vless_domain.b64",0,"2026-09-19T11:00:14.230470+08:00"
"https://raw.githubusercontent.com/v2rayCrow/Sub-Link-Output/main/all.txt#v2sourceALL",44,"2026-09-19T11:00:14.230470+08:00"
"https://raw.githubusercontent.com/FNET00bot/FNET00/Config/Main",35,"2026-09-19T11:00:14.230470+08:00"
"https://raw.githubusercontent.com/zieng2/wl/refs/heads/main/vless_universal.txt",42,"2026-09-19T11:00:14.230470+08:00"
"https://raw.githubusercontent.com/zieng2/wl/main/vless_universal.txt",42,"2026-09-19T11:00:14.230470+08:00"
"https://raw.githubusercontent.com/MrBihal/Channel-Hddify/refs/heads/main/PIZZA",19,"2026-09-19T11:00:14.230470+08:00"
"https://raw.githubusercontent.com/fitexgit/v2raysub/refs/heads/main/sub.txt",42,"2026-09-19T11:00:14.230470+08:00"
"https://raw.githubusercontent.com/MrBihal/Channel-Hddify/refs/heads/main/GAME",9,"2026-09-19T11:00:14.230470+08:00"
"https://raw.githubusercontent.com/MrBihal/Channel-Hddify/refs/heads/main/KING-NEW",18,"2026-09-19T11:00:14.230470+08:00"
"https://gist.githubusercontent.com/Mathdeep258/007cc1adcae763f9388259f71fea0b40/raw/cdd719e5815bed23c9c6be87e06ec4f53d369f25/all.yaml",0,"2026-09-19T11:00:14.230470+08:00"
"https://raw.githubusercontent.com/Ashkan-m/v2ray/main/Sub.txt",45,"2026-09-19T11:00:14.230470+08:00"
"https://gist.githubusercontent.com/sucan2233/7c426c2d0494ce074d41852e509be155/raw/0ae6fa10d30d36e24eeb4f811f775c8ccac49c82/clash.yaml",0,"2026-09-19T11:00:14.230470+08:00"
"https://gh-proxy.com/raw.githubusercontent.com/ssrsub/ssr/master/v2ray",35,"2026-09-19T11:00:14.230470+08:00"
"https://raw.githubusercontent.com/ssrsub/ssr/master/v2ray",35,"2026-09-19T11:00:14.230470+08:00"
"https://raw.githubusercontent.com/ssrsub/ssr/master/clash.yaml",0,"2026-09-19T11:00:14.230470+08:00"
"https://api.valconfig.com/sub/?access_key=2e7ecfe5bc1d8a0bbc4366b3d699829e",0,"2026-09-19T11:00:14.230470+08:00"
"https://raw.githubusercontent.com/igareck/vpn-configs-for-russia/refs/heads/main/Vless-Reality-White-Lists-Rus-Mobile.txt",21,"2026-09-19T11:00:14.230470+08:00"
"https://raw.githubusercontent.com/Rayan-Config/C-Sub/refs/heads/main/configs/proxy.txt",6,"2026-09-19T11:00:14.230470+08:00"
"https://raw.githubusercontent.com/itsyebekhe/PSG/main/lite/subscriptions/xray/vless_domain.b64",0,"2026-09-19T11:00:14.230470+08:00"
"https://raw.githubusercontent.com/Mahdi0024/ProxyCollector/master/sub/proxies.txt",40,"2026-09-19T11:00:14.230470+08:00"
"https://raw.githubusercontent.com/Mahdi0024/ProxyCollector/master/sub/proxies.txt#Proxy",40,"2026-09-19T11:00:14.230470+08:00"
"https://app.sublink.works/x/Ulf04de",32,"2026-09-19T11:00:14.230470+08:00"
"https://raw.githubusercontent.com/v2rayCrow/Sub-Link-Output/main/sub.txt#v2sourceSUB",25,"2026-09-19T11:00:14.230470+08:00"
"https://app.sublink.works/x/s0K7MCO",4,"2026-09-19T11:00:14.230470+08:00"
"https://ldgb.pages.dev/sub?token=5238141bc3daa773b225209767b9fb2c",0,"2026-09-19T11:00:14.230470+08:00"
"https://raw.githubusercontent.com/MrBihal/Channel-Hddify/refs/heads/main/PIN",8,"2026-09-19T11:00:14.230470+08:00"
"https://raw.githubusercontent.com/itsyebekhe/PSG/main/subscriptions/xray/reality.b64",21,"2026-09-19T11:00:14.230470+08:00"
"https://raw.githubusercontent.com/itsyebekhe/PSG/main/subscriptions/xray/reality_ipv4.b64",21,"2026-09-19T11:00:14.230470+08:00"
"https://raw.githubusercontent.com/itsyebekhe/PSG/main/subscriptions/xray/vmess.b64",18,"2026-09-19T11:00:14.230470+08:00"
"https://cdn.tlsa.top/link/Bj4oyKPSkS0JSADgEuEhUcwOzFwA5cV0y2AL?clash=1",199,"2026-09-19T11:00:14.230470+08:00"
"https://raw.githubusercontent.com/itsyebekhe/PSG/main/subscriptions/xray/ss.b64",12,"2026-09-19T11:00:14.230470+08:00"
"https://gist.githubusercontent.com/1009476063/98ee639023acbec7a4b086cc87cd2de7/raw/ac852bd0426d91a502b60292b7dfb343db3c8aff/anyun_clash.txt",0,"2026-09-19T11:00:14.230470+08:00"
"https://gist.githubusercontent.com/December000/fd23d2530ffc29264297a5e687a79ecd/raw/5c8639badd0473da988b47249e0d9d923a4f39eb/all.yaml",0,"2026-09-19T11:00:14.230470+08:00"
"https://gist.githubusercontent.com/xhy1640/e77966488f1923874267dfb26316bedb/raw/5b3a7266f79cea04606418113936efca15c9cb52/proxies.yaml",0,"2026-09-19T11:00:14.230470+08:00"
"https://raw.githubusercontent.com/Aricept094/hy2-subscription/main/sub.txt",1,"2026-09-19T11:00:14.230470+08:00"
"https://raw.githubusercontent.com/Pawdroid/Free-servers/main/README.md",11,"2026-09-19T11:00:14.230470+08:00"
"https://raw.githubusercontent.com/itsyebekhe/PSG/main/subscriptions/xray/ss_ipv4.b64",12,"2026-09-19T11:00:14.230470+08:00"
"https://raw.githubusercontent.com/dalazhi/v2ray/main/v2ray璁㈤槄",0,"2026-09-19T11:00:14.230470+08:00"
"https://raw.githubusercontent.com/mahsanet/MahsaFreeConfig/refs/heads/main/mtn/sub_1.txt",7,"2026-09-19T11:00:14.230470+08:00"
"https://raw.githubusercontent.com/itsyebekhe/PSG/main/subscriptions/xray/vmess_domain.b64",10,"2026-09-19T11:00:14.230470+08:00"
"https://raw.githubusercontent.com/mahsanet/MahsaFreeConfig/main/mtn/sub_1.txt",7,"2026-09-19T11:00:14.230470+08:00"
"https://raw.githubusercontent.com/itsyebekhe/PSG/main/lite/subscriptions/xray/vmess.b64",8,"2026-09-19T11:00:14.230470+08:00"
"https://raw.githubusercontent.com/liangbin-foxmail/cc-edtunnel/main/瑗跨摐浜慱clash.txt",0,"2026-09-19T11:00:14.230470+08:00"
"https://node.freeclashnode.com/uploads/2026/07/3-20260717.txt",5,"2026-09-19T11:00:14.230470+08:00"
"https://raw.githubusercontent.com/itsyebekhe/PSG/main/lite/subscriptions/xray/xhttp.b64",8,"2026-09-19T11:00:14.230470+08:00"
"https://raw.githubusercontent.com/itsyebekhe/PSG/main/lite/subscriptions/xray/reality_ipv4.b64",10,"2026-09-19T11:00:14.230470+08:00"
"https://raw.githubusercontent.com/itsyebekhe/PSG/main/lite/subscriptions/xray/vmess_domain.b64",5,"2026-09-19T11:00:14.230470+08:00"
"https://raw.githubusercontent.com/itsyebekhe/PSG/main/lite/subscriptions/xray/ss.b64",6,"2026-09-19T11:00:14.230470+08:00"
"https://raw.githubusercontent.com/itsyebekhe/PSG/main/lite/subscriptions/xray/xhttp_ipv4.b64",8,"2026-09-19T11:00:14.230470+08:00"
"https://raw.githubusercontent.com/mahsanet/MahsaFreeConfig/refs/heads/main/mci/sub_1.txt",3,"2026-09-19T11:00:14.230470+08:00"
"https://raw.githubusercontent.com/mahsanet/MahsaFreeConfig/main/mci/sub_1.txt",3,"2026-09-19T11:00:14.230470+08:00"
"https://vip-03.fl-sub.site:2096/sub/djMsNDc3Mjc1LDE3ODI2NjQwNDU9de4a6237f",0,"2026-09-19T11:00:14.230470+08:00"
"https://raw.githubusercontent.com/zhuhaiuk/free-nodes/main/nodes.txt",3,"2026-09-19T11:00:14.230470+08:00"
"https://raw.githubusercontent.com/itsyebekhe/PSG/main/subscriptions/xray/reality_domain.b64",0,"2026-09-19T11:00:14.230470+08:00"
"https://raw.githubusercontent.com/go4sharing/sub/main/sub.yaml",0,"2026-09-19T11:00:14.230470+08:00"
"https://raw.githubusercontent.com/itsyebekhe/PSG/main/subscriptions/xray/xhttp_domain.b64",0,"2026-09-19T11:00:14.230470+08:00"
"https://raw.githubusercontent.com/belaytzev/hysteria-checker/main/README.md",0,"2026-09-19T11:00:14.230470+08:00"
"https://raw.githubusercontent.com/itsyebekhe/PSG/main/lite/subscriptions/xray/xhttp_domain.b64",0,"2026-09-19T11:00:14.230470+08:00"
"https://raw.githubusercontent.com/itsyebekhe/PSG/main/lite/subscriptions/xray/vmess_ipv4.b64",3,"2026-09-19T11:00:14.230470+08:00"
"https://gist.githubusercontent.com/Tdison/6b745663fd038e3c63e0880ecc652bcf/raw/b8815dcac62adf7ac0d286f9c675785975f84b29/all.yaml",0,"2026-09-19T11:00:14.230470+08:00"
"https://raw.githubusercontent.com/huuthang799/vpn-hysteria2/main/sub.txt",1,"2026-09-19T11:00:14.230470+08:00"
"https://raw.githubusercontent.com/xLyouLx/Filter-duplicates-key/main/README.md",0,"2026-09-19T11:00:14.230470+08:00"
"https://raw.githubusercontent.com/itsyebekhe/PSG/main/lite/subscriptions/xray/reality_domain.b64",0,"2026-09-19T11:00:14.230470+08:00"
"https://raw.githubusercontent.com/itsyebekhe/PSG/main/subscriptions/xray/hy2.b64",1,"2026-09-19T11:00:14.230470+08:00"
"https://raw.githubusercontent.com/itsyebekhe/PSG/main/subscriptions/xray/ss_domain.b64",0,"2026-09-19T11:00:14.230470+08:00"
"https://raw.githubusercontent.com/itsyebekhe/PSG/main/subscriptions/xray/hy2_ipv4.b64",1,"2026-09-19T11:00:14.230470+08:00"
"https://raw.githubusercontent.com/masir-sefid/Sub/main/@Masir_Sefid.txt",0,"2026-09-19T11:00:14.230470+08:00"
"https://gist.githubusercontent.com/donotletmedown-xz/1744bf224434d78ef7f47a2bf59e5860/raw/3ee2144572a2028eafd9ac636085fe8ddc0c60e8/clash_config.yaml",0,"2026-09-19T11:00:14.230470+08:00"
"https://sub.scpnb.top/base64",0,"2026-09-19T11:00:14.230470+08:00"
"https://knjc.cfd/api/v1/client/subscribe?token=136a9b549bc24d8f2a68fb9bd3b893e4",0,"2026-09-19T11:00:14.230470+08:00"